symbol,coingecko_id,venue
BTC,bitcoin,BINANCE
ETH,ethereum,BINANCE
USDT,tether,BINANCE
BNB,binancecoin,BINANCE
XRP,ripple,BINANCE
USDC,usd-coin,BINANCE
SOL,solana,BINANCE
TRX,tron,BINANCE
STETH,staked-ether,BINANCE
DOGE,dogecoin,BINANCE
FIGR_HELOC,figure-heloc,BINANCE
ADA,cardano,BINANCE
BCH,bitcoin-cash,BINANCE
WBT,whitebit,BINANCE
WSTETH,wrapped-steth,BINANCE
WBTC,wrapped-bitcoin,BINANCE
WBETH,wrapped-beacon-eth,BINANCE
USDS,usds,BINANCE
WEETH,wrapped-eeth,BINANCE
BSC-USD,binance-bridged-usdt-bnb-smart-chain,BINANCE
LINK,chainlink,BINANCE
ZEC,zcash,BINANCE
XMR,monero,BINANCE
LEO,leo-token,BINANCE
WETH,weth,BINANCE
XLM,stellar,BINANCE
CBBTC,coinbase-wrapped-btc,BINANCE
USDE,ethena-usde,BINANCE
HYPE,hyperliquid,BINANCE
LTC,litecoin,BINANCE
SUI,sui,BINANCE
AVAX,avalanche-2,BINANCE
HBAR,hedera-hashgraph,BINANCE
CC,canton-network,BINANCE
SHIB,shiba-inu,BINANCE
SUSDS,susds,BINANCE
USDT0,usdt0,BINANCE
DAI,dai,BINANCE
TON,the-open-network,BINANCE
WLFI,world-liberty-financial,BINANCE
UNI,uniswap,BINANCE
PYUSD,paypal-usd,BINANCE
CRO,crypto-com-chain,BINANCE
SUSDE,ethena-staked-usde,BINANCE
MNT,mantle,BINANCE
USD1,usd1-wlfi,BINANCE
DOT,polkadot,BINANCE
RAIN,rain,BINANCE
M,memecore,BINANCE
BGB,bitget-token,BINANCE
XAUT,tether-gold,BINANCE
AAVE,aave,BINANCE
OKB,okb,BINANCE
USDF,falcon-finance,BINANCE
TAO,bittensor,BINANCE
NEAR,near,BINANCE
ETC,ethereum-classic,BINANCE
WETH,binance-peg-weth,BINANCE
JITOSOL,jito-staked-sol,BINANCE
PEPE,pepe,BINANCE
BUIDL,blackrock-usd-institutional-digital-liquidity-fund,BINANCE
PI,pi-network,BINANCE
HASH,hash-2,BINANCE
ASTER,aster-2,BINANCE
ICP,internet-computer,BINANCE
ENA,ethena,BINANCE
PAXG,pax-gold,BINANCE
SOL,wrapped-solana,BINANCE
NIGHT,midnight-3,BINANCE
USDG,global-dollar,BINANCE
USYC,hashnote-usyc,BINANCE
HTX,htx-dao,BINANCE
JLP,jupiter-perpetuals-liquidity-provider-token,BINANCE
SYRUPUSDC,syrupusdc,BINANCE
SKY,sky,BINANCE
KCS,kucoin-shares,BINANCE
RLUSD,ripple-usd,BINANCE
WLD,worldcoin-wld,BINANCE
BFUSD,bfusd,BINANCE
APT,aptos,BINANCE
BNSOL,binance-staked-sol,BINANCE
USDC,binance-bridged-usdc-bnb-smart-chain,BINANCE
RETH,rocket-pool-eth,BINANCE
ONDO,ondo-finance,BINANCE
WBNB,wbnb,BINANCE
GT,gatechain-token,BINANCE
KAS,kaspa,BINANCE
POL,polygon-ecosystem-token,BINANCE
PUMP,pump-fun,BINANCE
ARB,arbitrum,BINANCE
RSETH,kelp-dao-restaked-eth,BINANCE
QNT,quant-network,BINANCE
ALGO,algorand,BINANCE
WSTETH,bridged-wrapped-lido-staked-ether-scroll,BINANCE
JAAA,janus-henderson-anemoy-aaa-clo-fund,BINANCE
TRUMP,official-trump,BINANCE
ATOM,cosmos,BINANCE
FBTC,ignition-fbtc,BINANCE
FIL,filecoin,BINANCE
XDC,xdce-crowd-sale,BINANCE
LBTC,lombard-staked-btc,BINANCE
VET,vechain,BINANCE
SOLVBTC,solv-btc,BINANCE
FLR,flare-networks,BINANCE
NEXO,nexo,BINANCE
LSETH,liquid-staked-ethereum,BINANCE
USDTB,usdtb,BINANCE
OUSG,ousg,BINANCE
USDD,usdd,BINANCE
USTB,superstate-short-duration-us-government-securities-fund-ustb,BINANCE
WM,wrappedm-by-m0,BINANCE
SEI,sei-network,BINANCE
USDC.E,bridged-usdc-polygon-pos-bridge,BINANCE
BDX,beldex,BINANCE
WBTC,arbitrum-bridged-wbtc-arbitrum-one,BINANCE
METH,mantle-staked-ether,BINANCE
CAKE,pancakeswap-token,BINANCE
USDY,ondo-us-dollar-yield,BINANCE
RENDER,render-token,BINANCE
CLBTC,clbtc,BINANCE
MYX,myx-finance,BINANCE
BONK,bonk,BINANCE
EZETH,renzo-restaked-eth,BINANCE
USDAI,usdai,BINANCE
MORPHO,morpho,BINANCE
WFLR,wrapped-flare,BINANCE
DAI,polygon-pos-bridged-dai-polygon-pos,BINANCE
JUP,jupiter-exchange-solana,BINANCE
KHYPE,kinetic-staked-hype,BINANCE
WETH,l2-standard-bridged-weth-base,BINANCE
OSETH,stakewise-v3-oseth,BINANCE
SYRUPUSDT,syrupusdt,BINANCE
JUPSOL,jupiter-staked-sol,BINANCE
PENGU,pudgy-penguins,BINANCE
CRV,curve-dao-token,BINANCE
IP,story-2,BINANCE
EUTBL,eutbl,BINANCE
USD0,usual-usd,BINANCE
DASH,dash,BINANCE
XTZ,tezos,BINANCE
OP,optimism,BINANCE
CTM,c8ntinuum,BINANCE
TBTC,tbtc,BINANCE
FDUSD,first-digital-usd,BINANCE
WETH,arbitrum-bridged-weth-arbitrum-one,BINANCE
LDO,lido-dao,BINANCE
FET,fetch-ai,BINANCE
GHO,gho,BINANCE
TUSD,true-usd,BINANCE
STX,blockstack,BINANCE
GTETH,gteth,BINANCE
INJ,injective-protocol,BINANCE
SPX,spx6900,BINANCE
ETHFI,ether-fi,BINANCE
VIRTUAL,virtual-protocol,BINANCE
FTN,fasttoken,BINANCE
ETHX,stader-ethx,BINANCE
LIQUIDETH,ether-fi-liquid-eth,BINANCE
AERO,aerodrome-finance,BINANCE
MSOL,msol,BINANCE
AB,newton-project,BINANCE
PIPPIN,pippin,BINANCE
2Z,doublezero,BINANCE
WAPE,wrapped-apecoin,BINANCE
USDB,usdb,BINANCE
TIA,celestia,BINANCE
STRK,starknet,BINANCE
SBTC,sbtc-2,BINANCE
TEL,telcoin,BINANCE
SWETH,sweth,BINANCE
GRT,the-graph,BINANCE
BTT,bittorrent,BINANCE
FLOKI,floki,BINANCE
JST,just,BINANCE
CHZ,chiliz,BINANCE
CBETH,coinbase-wrapped-staked-eth,BINANCE
STEAKUSDC,steakhouse-usdc-morpho-vault,BINANCE
MERL,merlin-chain,BINANCE
SYRUP,syrup,BINANCE
ENS,ethereum-name-service,BINANCE
CFX,conflux-token,BINANCE
SUN,sun-token,BINANCE
IOTA,iota,BINANCE
OHM,olympus,BINANCE
TWT,trust-wallet-token,BINANCE
BSV,bitcoin-cash-sv,BINANCE
EURC,euro-coin,BINANCE
PYTH,pyth-network,BINANCE
CUSD,cap-usd,BINANCE
NFT,apenft,BINANCE
BTC.B,bitcoin-avalanche-bridged-btc-b,BINANCE
USR,resolv-usr,BINANCE
XPL,plasma,BINANCE
KAU,kinesis-gold,BINANCE
GNO,gnosis,BINANCE
KAIA,kaia,BINANCE
WSTUSR,resolv-wstusr,BINANCE
CRVUSD,crvusd,BINANCE
DCR,decred,BINANCE
BAT,basic-attention-token,BINANCE
DOGE,binance-peg-dogecoin,BINANCE
BEAT,audiera,BINANCE
EETH,ether-fi-staked-eth,BINANCE
SAVAX,benqi-liquid-staked-avax,BINANCE
BUSD,binance-peg-busd,BINANCE
PENDLE,pendle,BINANCE
USX,usx,BINANCE
WIF,dogwifcoin,BINANCE
H,humanity,BINANCE
FARTCOIN,fartcoin,BINANCE
SAND,the-sandbox,BINANCE
WEETH,arbitrum-bridged-wrapped-eeth,BINANCE
S,sonic-3,BINANCE
JASMY,jasmycoin,BINANCE
GALA,gala,BINANCE
UBTC,unit-bitcoin,BINANCE
KAG,kinesis-silver,BINANCE
FRXETH,frax-ether,BINANCE
VSN,vision-3,BINANCE
CMETH,mantle-restaked-eth,BINANCE
WHYPE,wrapped-hype,BINANCE
FRAX,frax,BINANCE
HNT,helium,BINANCE
THETA,theta-token,BINANCE
WETH,polygon-pos-bridged-weth-polygon-pos,BINANCE
GTBTC,gate-wrapped-btc,BINANCE
FDIT,fidelity-digital-interest-token,BINANCE
JTRSY,janus-henderson-anemoy-treasury-fund,BINANCE
NEO,neo,BINANCE
WSTX,wrapped-stx-velar,BINANCE
ASBNB,astherus-staked-bnb,BINANCE
ZRO,layerzero,BINANCE
ZK,zksync,BINANCE
A,vaulta,BINANCE
BBTC,binance-wrapped-btc,BINANCE
BORG,swissborg,BINANCE
MWC,mimblewimblecoin,BINANCE
COMP,compound-governance-token,BINANCE
RAY,raydium,BINANCE
WETH,wrapped-ether-mantle-bridge,BINANCE
UDS,undeads-games,BINANCE
MON,monad,BINANCE
BTSE,btse-token,BINANCE
SUSDAI,susdai,BINANCE
ZBCN,zebec-network,BINANCE
STABLE,stable-2,BINANCE
MANA,decentraland,BINANCE
AR,arweave,BINANCE
WSTETH,arbitrum-bridged-wsteth-arbitrum,BINANCE
APEPE,ape-and-pepe,BINANCE
0G,zero-gravity,BINANCE
USDC.N,ibc-bridged-usdc,BINANCE
REAL,reallink,BINANCE
WSTETH,superbridge-bridged-wsteth-base,BINANCE
BBSOL,bybit-staked-sol,BINANCE
QRL,quantum-resistant-ledger,BINANCE
WAETHUSDC,wrapped-aave-ethereum-usdc,BINANCE
DSOL,drift-staked-sol,BINANCE
USDA,usda-2,BINANCE
YLDS,ylds,BINANCE
FF,falcon-finance-ff,BINANCE
AUSD,agora-dollar,BINANCE
LUNC,terra-luna,BINANCE
XEC,ecash,BINANCE
WFI,wefi,BINANCE
LION,loaded-lions,BINANCE
BCAP,blockchain-capital,BINANCE
WBTC,polygon-bridged-wbtc-polygon-pos,BINANCE
SDAI,savings-dai,BINANCE
1INCH,1inch,BINANCE
GLM,golem,BINANCE
CHEEMS,cheems-token,BINANCE
FLUID,instadapp,BINANCE
VSOL,the-vault-staked-sol,BINANCE
IMX,immutable-x,BINANCE
WAVAX,wrapped-avax,BINANCE
TETH,treehouse-eth,BINANCE
RUNE,thorchain,BINANCE
EIGEN,eigenlayer,BINANCE
LGCT,legacy-token,BINANCE
ZORA,zora,BINANCE
SENA,ethena-staked-ena,BINANCE
ULTIMA,ultima,BINANCE
PC0000031,tradable-na-rent-financing-platform-sstn,BINANCE
KMNO,kamino,BINANCE
APE,apecoin,BINANCE
MX,mx-token,BINANCE
IUSD,infinifi-usd,BINANCE
SRUSDE,strata-senior-usde,BINANCE
STCUSD,staked-cap-usd,BINANCE
WAL,walrus-2,BINANCE
BARD,lombard-protocol,BINANCE
TRAC,origintrail,BINANCE
W,wormhole,BINANCE
USDC,cronos-bridged-usdc-cronos,BINANCE
EGLD,elrond-erd-2,BINANCE
WAETHUSDT,wrapped-aave-ethereum-usdt,BINANCE
UCN,uchain-2,BINANCE
XSOLVBTC,solv-protocol-solvbtc-bbn,BINANCE
WEMIX,wemix-token,BINANCE
TIBBIR,ribbita-by-virtuals,BINANCE
SFRXETH,staked-frax-ether,BINANCE
USDF,astherus-usdf,BINANCE
XCN,chain-2,BINANCE
KITE,kite-2,BINANCE
FLOW,flow,BINANCE
CVX,convex-finance,BINANCE
JTO,jito-governance-token,BINANCE
THBILL,theo-short-duration-us-treasury-fund,BINANCE
KBTC,kraken-wrapped-btc,BINANCE
KOGE,bnb48-club-token,BINANCE
RSR,reserve-rights-token,BINANCE
ZANO,zano,BINANCE
WYLDS,hastra-wrapped-ylds,BINANCE
ZEN,zencash,BINANCE
PROM,prometeus,BINANCE
PRIME,hastra-prime,BINANCE
SATUSD,satoshi-stablecoin,BINANCE
JSOL,jpool,BINANCE
DUSD,standx-dusd,BINANCE
FXRP,flare-bridged-xrp-flare,BINANCE
USTBL,spiko-us-t-bills-money-market-fund,BINANCE
SFP,safepal,BINANCE
SOSO,sosovalue,BINANCE
ATH,aethir,BINANCE
SNX,havven,BINANCE
GUSD,gusd,BINANCE
BEAM,beam-2,BINANCE
GOMINING,gmt-token,BINANCE
BRBTC,bedrock-btc,BINANCE
META,meta-2-2,BINANCE
AMP,amp-token,BINANCE
RLP,resolv-rlp,BINANCE
EURS,stasis-eurs,BINANCE
DEXE,dexe,BINANCE
MF-ONE,midas-mf-one,BINANCE
AXS,axie-infinity,BINANCE
B,build-on,BINANCE
BRETT,based-brett,BINANCE
SOETH,wrapped-ethereum-sollet,BINANCE
TKX,tokenize-xchange,BINANCE
OETH,origin-ether,BINANCE
LPT,livepeer,BINANCE
QTUM,qtum,BINANCE
NXM,nxm,BINANCE
DYDX,dydx-chain,BINANCE
SOL,binance-peg-sol,BINANCE
GAS,gas,BINANCE
USDC,bridged-usd-coin-starkgate,BINANCE
SUPER,superfarm,BINANCE
PSOL,phantom-staked-sol,BINANCE
BSOL,blazestake-staked-sol,BINANCE
BMX,bitmart-token,BINANCE
UNIBTC,universal-btc,BINANCE
CCD,concordium,BINANCE
ACRED,apollo-diversified-credit-securitize-fund,BINANCE
GRASS,grass,BINANCE
WPLS,wrapped-pulse-wpls,BINANCE
KAITO,kaito,BINANCE
SOON,soon-2,BINANCE
FORM,four,BINANCE
TFUEL,theta-fuel,BINANCE
CTC,creditcoin-2,BINANCE
DOLA,dola-usd,BINANCE
TOSHI,toshi,BINANCE
ICNT,impossible-cloud-network-token,BINANCE
KSM,kusama,BINANCE
MET,meteora,BINANCE
DREAM,the-american-dream,BINANCE
FRXUSD,frax-usd,BINANCE
WETH,wrapped-ether-linea,BINANCE
VELO,velo,BINANCE
CONSCIOUS,conscious-token,BINANCE
YFI,yearn-finance,BINANCE
OZO,ozone-chain,BINANCE
ALCH,alchemist-ai,BINANCE
WEETHS,etherfi-weeths,BINANCE
PUSD,pleasing-usd,BINANCE
COW,cow-protocol,BINANCE
币安人生,bianrensheng,BINANCE
CKB,nervos-network,BINANCE
RLB,rollbit-coin,BINANCE
TURBO,turbo,BINANCE
WEETH,polygon-bridged-weeth-katana,BINANCE
SUPEROETH,super-oeth,BINANCE
PSTUSDC,payfi-strategy-token-usdc,BINANCE
GTUSDC,gauntlet-usdc-prime-morpho-vault,BINANCE
CORE,coredaoorg,BINANCE
ADI,adi-token,BINANCE
RVN,ravencoin,BINANCE
AIDAUSDC,gaib-ai-dollar-alpha-usdc,BINANCE
LINEA,linea,BINANCE
CDCETH,crypto-com-staked-eth,BINANCE
AIOZ,aioz-network,BINANCE
STRX,staked-trx,BINANCE
MAG7.SSI,mag7-ssi,BINANCE
ZRX,0x,BINANCE
DGB,digibyte,BINANCE
KUB,bitkub-coin,BINANCE
USDZ,anzen-usdz,BINANCE
AKT,akash-network,BINANCE
ETH+,reserve-protocol-eth-plus,BINANCE
BABYDOGE,baby-doge-coin,BINANCE
AWE,stp-network,BINANCE
WAETHWETH,wrapped-aave-ethereum-weth,BINANCE
SHFL,shuffle-2,BINANCE
NIZA,niza-global-2,BINANCE
RAIL,railgun,BINANCE
KTA,keeta,BINANCE
RAVE,ravedao,BINANCE
ARKM,arkham,BINANCE
MELANIA,melania-meme,BINANCE
CWBTC,compound-wrapped-btc,BINANCE
PIEVERSE,pieverse,BINANCE
MINA,mina-protocol,BINANCE
BURN,burnedfi,BINANCE
REKT,rekt-4,BINANCE
T,threshold-network-token,BINANCE
WSRUSD,wrapped-savings-rusd,BINANCE
EOS,eos,BINANCE
MOVE,movement,BINANCE
PC0000023,tradable-singapore-fintech-ssl-2,BINANCE
AVUSD,avant-usd,BINANCE
EBTC,ether-fi-staked-btc,BINANCE
ALEO,aleo,BINANCE
USDR,ring-usd,BINANCE
QUSDT,qusdt,BINANCE
RIVER,river,BINANCE
USDA,usda-3,BINANCE
SAFE,safe,BINANCE
MNEE,mnee-usd-stablecoin,BINANCE
DOG,dog-go-to-the-moon-rune,BINANCE
AVNT,avantis,BINANCE
REUSD,re-protocol-reusd,BINANCE
SDAI,savings-xdai,BINANCE
ZIL,zilliqa,BINANCE
XNO,nano,BINANCE
AGENTFUN,agentfun-ai,BINANCE
UB,unibase,BINANCE
RON,ronin,BINANCE
TEMPLE,temple,BINANCE
DRIFT,drift-protocol,BINANCE
CASH,cash-4,BINANCE
XVG,verge,BINANCE
MOG,mog-coin,BINANCE
NVM,novem-pro,BINANCE
EDU,edu-coin,BINANCE
PZETH,renzo-restaked-lst,BINANCE
VENOM,venom,BINANCE
STHYPE,staked-hype,BINANCE
BERA,berachain-bera,BINANCE
CET,coinex-token,BINANCE
USDC,bridged-usd-coin-linea,BINANCE
DEEP,deep,BINANCE
MBTC,babypie-wrapped-btc,BINANCE
ORDI,ordinals,BINANCE
HSK,hashkey-ecopoints,BINANCE
ME,magic-eden,BINANCE
NXPC,nexpace,BINANCE
USDT,cronos-bridged-usdt-cronos,BINANCE
COCO,coco-2,BINANCE
PGOLD,pleasing-gold,BINANCE
TDCCP,tdccp,BINANCE
CETH,compound-ether,BINANCE
HOT,holotoken,BINANCE
WGLUE,glue,BINANCE
LUX,luxxcoin,BINANCE
GMX,gmx,BINANCE
SAVUSD,avant-staked-usd,BINANCE
OM,mantra-dao,BINANCE
METAL,metal-blockchain,BINANCE
KAVA,kava,BINANCE
ASTR,astar,BINANCE
VCNT,vicicoin,BINANCE
QUBIC,qubic-network,BINANCE
SC,siacoin,BINANCE
ROSE,oasis-network,BINANCE
BIO,bio-protocol,BINANCE
TAKE,overtake,BINANCE
ZETA,zetachain,BINANCE
ZIG,zignaly,BINANCE
RECALL,recall,BINANCE
SUSD1+,staked-usd1,BINANCE
VANA,vana,BINANCE
VBWBTC,vaultbridge-bridged-wbtc-katana,BINANCE
SUSHI,sushi,BINANCE
VBILL,vaneck-treasury-fund,BINANCE
VVS,vvs-finance,BINANCE
MOCA,mocaverse,BINANCE
INI,ini,BINANCE
AIC,ai-companions,BINANCE
BAN,comedian,BINANCE
MWETH,moonwell-flagship-eth-morpho-vault,BINANCE
SQD,subsquid,BINANCE
AXL,axelar,BINANCE
POPCAT,popcat,BINANCE
COAI,chainopera-ai,BINANCE
BLUR,blur,BINANCE
PROVE,succinct,BINANCE
NPC,non-playable-coin,BINANCE
SWOP,swop-2,BINANCE
MHYPER,midas-mhyper,BINANCE
XPR,proton,BINANCE
EURCV,societe-generale-forge-eurcv,BINANCE
SUSDA,susda,BINANCE
MEW,cat-in-a-dogs-world,BINANCE
REQ,request-network,BINANCE
USDO,openeden-open-dollar,BINANCE
GAMA,gama-token,BINANCE
BC,bc-token,BINANCE
NMR,numeraire,BINANCE
SNEK,snek,BINANCE
VTHO,vethor-token,BINANCE
ANVL,anvil,BINANCE
COCA,coca,BINANCE
ONT,ontology,BINANCE
FEUSD,felix-feusd,BINANCE
WSTETH,superbridge-bridged-wsteth-optimism,BINANCE
XVS,venus,BINANCE
SN64,chutes,BINANCE
ATONE,atomone,BINANCE
XYO,xyo-network,BINANCE
PUFF,puff-the-dragon,BINANCE
VRSC,verus-coin,BINANCE
PNUT,peanut-the-squirrel,BINANCE
VVV,venice-token,BINANCE
ETH,bridged-wrapped-ether-starkgate,BINANCE
MOODENG,moo-deng,BINANCE
CELO,celo,BINANCE
PCI,pay-coin,BINANCE
DBR,debridge,BINANCE
WAVES,waves,BINANCE
ELF,aelf,BINANCE
XCH,chia,BINANCE
WETH,l2-standard-bridged-weth-optimism,BINANCE
HSOL,helius-staked-sol,BINANCE
SAHARA,sahara-ai,BINANCE
IOTX,iotex,BINANCE
XAUM,matrixdock-gold,BINANCE
EARNAUSD,earnausd,BINANCE
XBTC,okx-wrapped-btc,BINANCE
SHIB,binance-peg-shib,BINANCE
HASUI,haedal-staked-sui,BINANCE
NILA,mindwavedao,BINANCE
GIGGLE,giggle-fund,BINANCE
JELLYJELLY,jelly-my-jelly,BINANCE
ORCA,orca,BINANCE
POWER,power-protocol,BINANCE
RED,redstone-oracles,BINANCE
LUNA,terra-luna-2,BINANCE
PUMPBTC,pumpbtc,BINANCE
WSTETH,bridged-wrapped-steth-gnosis,BINANCE
ONYC,onyc,BINANCE
APEX,apex-token-2,BINANCE
OFT,onfa,BINANCE
USDC.E,stargate-bridged-usdc,BINANCE
ESPORTS,yooldo-games,BINANCE
CFG,centrifuge-2,BINANCE
LRC,loopring,BINANCE
UMA,uma,BINANCE
USELESS,useless-3,BINANCE
ANKR,ankr,BINANCE
CUSDO,compounding-open-dollar,BINANCE
SVL,slash-vision-labs,BINANCE
POLYX,polymesh,BINANCE
SXT,space-and-time,BINANCE
DFDVSOL,dfdv-staked-sol,BINANCE
MBG,mbg-by-multibank-group,BINANCE
WCFG,wrapped-centrifuge,BINANCE
SIGN,sign-global,BINANCE
OMNI,omni-network,BINANCE
API3,api3,BINANCE
GEOD,geodnet,BINANCE
ZEC,binance-peg-zcash-token,BINANCE
ALT,altlayer,BINANCE
USDX,usdx,BINANCE
STUSDT,staked-usdt,BINANCE
BDCA,bitdca,BINANCE
FWSTETH,fluid-wrapped-staked-eth,BINANCE
SKL,skale,BINANCE
CSPR,casper-network,BINANCE
OPT,optio,BINANCE
USDC.E,usd-coin-ethereum-bridged,BINANCE
MASK,mask-network,BINANCE
AP3X,apex-4,BINANCE
ICX,icon,BINANCE
IRYS,irys,BINANCE
MEME,memecoin-2,BINANCE
CYS,cysic,BINANCE
UPUMP,unit-pump,BINANCE
PUNDIX,pundi-x-2,BINANCE
WETH,bridged-weth,BINANCE
ETHW,ethereum-pow-iou,BINANCE
UXPL,unit-plasma,BINANCE
BICO,biconomy,BINANCE
GOHOME,gohome,BINANCE
SSV,ssv-network,BINANCE
APTM,apertum,BINANCE
RSWETH,restaked-swell-eth,BINANCE
GPT,gold-park,BINANCE
ARDR,ardor,BINANCE
WETH,avalanche-bridged-weth-avalanche,BINANCE
LA,lagrange,BINANCE
ONE,harmony,BINANCE
BIM,bim-2,BINANCE
FRAX,frax-share,BINANCE
SNT,status,BINANCE
WHITEWHALE,the-white-whale,BINANCE
ILV,illuvium,BINANCE
WETH,stargate-bridged-weth,BINANCE
BAND,band-protocol,BINANCE
COTI,coti,BINANCE
PEAQ,peaq-2,BINANCE
USDT,bridged-tether-opbnb,BINANCE
DLC,diamond-launch,BINANCE
TRB,tellor,BINANCE
MIM,magic-internet-money,BINANCE
QAI,quantixai,BINANCE
PLUME,plume,BINANCE
BUSD,binance-usd,BINANCE
LBT,law-blocks,BINANCE
FXSAVE,fx-usd-saving,BINANCE
HOME,home,BINANCE
OMI,ecomi,BINANCE
EUL,euler,BINANCE
ENJ,enjincoin,BINANCE
ELG,escoin-token,BINANCE
STEAKETH,steakhouse-eth-morpho-vault,BINANCE
SOLO,solo-coin,BINANCE
WCRO,wrapped-cro,BINANCE
NOT,notcoin,BINANCE
LCX,lcx,BINANCE
DESO,deso,BINANCE
IBERA,infrared-bera,BINANCE
OG,og-fan-token,BINANCE
LON,tokenlon,BINANCE
INC,world-assets,BINANCE
SPK,spark-2,BINANCE
DOVU,dovu-2,BINANCE
USDP,paxos-standard,BINANCE
NOW,changenow,BINANCE
ARRR,pirate-chain,BINANCE
DUSD,dialectic-usd-vault,BINANCE
HLDR,helder,BINANCE
GMT,stepn,BINANCE
TSLAX,tesla-xstock,BINANCE
REUSD,resupply-usd,BINANCE
BABY,babylon,BINANCE
ZEDXION,zedxion,BINANCE
FOLKS,folks,BINANCE
WBTC,sui-bridged-wbtc-sui,BINANCE
SIREN,siren-2,BINANCE
ARK,ark,BINANCE
USDX,hex-trust-usdx,BINANCE
IOST,iostoken,BINANCE
USDKG,usdkg,BINANCE
HIVE,hive,BINANCE
VKHYPE,kinetiq-earn-vault,BINANCE
ORBS,orbs,BINANCE
PYTHIA,pythia,BINANCE
MMT,momentum-3,BINANCE
TAG,tagger,BINANCE
PEOPLE,constitutiondao,BINANCE
VBETH,vaultbridge-bridged-eth-katana,BINANCE
WOO,woo-network,BINANCE
WETH,ronin-bridged-weth-ronin,BINANCE
SAFE,safecoin,BINANCE
USDM,mountain-protocol-usdm,BINANCE
MARSMI,marsmi,BINANCE
SDEX,smardex,BINANCE
RLC,iexec-rlc,BINANCE
LISTA,lista,BINANCE
SBUSDT,sui-bridged-usdt-sui,BINANCE
FIUSD,sygnum-fiusd-liquidity-fund,BINANCE
CROSS,cross-2,BINANCE
HUMA,huma-finance,BINANCE
YZY,yzy,BINANCE
STXRP,firelight-staked-xrp,BINANCE
RSERG,rserg,BINANCE
FUL,fulcrom,BINANCE
GUSD,gemini-dollar,BINANCE
MWUSDC,moonwell-flagship-usdc-morpho-vault,BINANCE
NEIRO,neiro-3,BINANCE
NKYC,nkyc-token,BINANCE
STRAX,stratis,BINANCE
BORA,bora,BINANCE
YGG,yield-guild-games,BINANCE
MVL,mass-vehicle-ledger,BINANCE
SRX,storx,BINANCE
ZBT,zerobase,BINANCE
VBUSDC,vaultbridge-bridged-usdc-katana,BINANCE
EWT,energy-web-token,BINANCE
USD+,usd,BINANCE
DRV,derive,BINANCE
XUSD,straitsx-xusd,BINANCE
DAG,constellation-labs,BINANCE
RPL,rocket-pool,BINANCE
BNT,bancor,BINANCE
WHITE,whiteheart,BINANCE
ANIME,anime,BINANCE
DOOD,doodles,BINANCE
WMTX,world-mobile-token,BINANCE
WBTC,cronos-bridged-wbtc-cronos,BINANCE
YUSD,aegis-yusd,BINANCE
WBTC,bridged-wrapped-bitcoin-starkgate,BINANCE
POWR,power-ledger,BINANCE
LSK,lisk,BINANCE
XAUT0,tether-gold-tokens,BINANCE
AMAPT,amnis-aptos,BINANCE
STG,stargate-finance,BINANCE
WET,humidifi,BINANCE
DEGEN,degen-base,BINANCE
SN51,celium,BINANCE
FIDA,bonfida,BINANCE
USDT,bridged-tether-linea,BINANCE
TORN,tornado-cash,BINANCE
FLUX,zelcash,BINANCE
BCE,bitcastle-token,BINANCE
NXPC,bridged-nxpc,BINANCE
XAN,anoma,BINANCE
SAI,sai,BINANCE
HONEY,hivemapper,BINANCE
AUX,austin-capitals,BINANCE
SPELL,spell-token,BINANCE
CJL,cjournal-2,BINANCE
ANA,nirvana-ana-2,BINANCE
PRIME,echelon-prime,BINANCE
DAI,binance-peg-dai,BINANCE
CTK,certik,BINANCE
USDON,ondo-u-s-dollar-token,BINANCE
SBETH,sui-bridged-ether-sui,BINANCE
SWFTC,swftcoin,BINANCE
BOLD,liquity-bold-2,BINANCE
BIGTIME,big-time,BINANCE
ERG,ergo,BINANCE
AUDIO,audius,BINANCE
SOMI,somnia,BINANCE
SXP,swipe,BINANCE
CLOUD,sanctum-2,BINANCE
CYBER,cyberconnect,BINANCE
MINIDOGE,minidoge-5,BINANCE
GLIDR,glidr,BINANCE
AGETH,kelp-gain,BINANCE
BOME,book-of-meme,BINANCE
CBXRP,coinbase-wrapped-xrp,BINANCE
MTBILL,midas-mtbill,BINANCE
BAL,balancer,BINANCE
CLO,yei-finance,BINANCE
USUAL,usual,BINANCE
USUAL,usual,BINANCE
OSMO,osmosis,BINANCE
YZUSD,yuzu-usd,BINANCE
BITCOIN,harrypotterobamasonic10in,BINANCE
USDN,noble-dollar-usdn,BINANCE
USDC.E,usd-coin-avalanche-bridged-usdc-e,BINANCE
TON,tokamak-network,BINANCE
SN62,ridges-ai,BINANCE
WBTC,wrapped-bitcoin-pulsechain,BINANCE
ONG,ong,BINANCE
VEE,blockv,BINANCE
ATOS,atoshi,BINANCE
KGEN,kgen,BINANCE
ACH,alchemy-pay,BINANCE
CARV,carv,BINANCE
ACT,act-i-the-ai-prophecy,BINANCE
IO,io,BINANCE
HEZ,hermez-network-token,BINANCE
JRUSDE,strata-junior-usde,BINANCE
SUSD,nusd,BINANCE
METIS,metis-token,BINANCE
INF,socean-staked-sol,BINANCE
ARC,ai-rig-complex,BINANCE
YB,yield-basis,BINANCE
UNP,unipoly,BINANCE
SHX,stronghold-token,BINANCE
ORE,ore,BINANCE
GAL,project-galaxy,BINANCE
LISUSD,helio-protocol-hay,BINANCE
IQ,everipedia,BINANCE
BLAST,blast,BINANCE
FB,fractal-bitcoin,BINANCE
STEEM,steem,BINANCE
BOTX,botxcoin,BINANCE
STAVAX,gogopool-ggavax,BINANCE
TPT,token-pocket,BINANCE
AT,apro,BINANCE
USTC,terrausd,BINANCE
MLK,milk-alliance,BINANCE
SN8,proprietary-trading-network,BINANCE
GIGA,gigachad-2,BINANCE
SGB,songbird,BINANCE
LAYER,solayer,BINANCE
CORN,corn-3,BINANCE
XPIN,xpin-network,BINANCE
USDX,usdx-money-usdx,BINANCE
SB,snowbank,BINANCE
TAIKO,taiko,BINANCE
LQTY,liquity,BINANCE
SKYAI,skyai,BINANCE
BTU,btu-protocol,BINANCE
AUCTION,auction,BINANCE
CUSD,celo-dollar,BINANCE
OPEN,openledger-2,BINANCE
COREUM,coreum,BINANCE
CXO,cargox,BINANCE
RIF,rif-token,BINANCE
ERA,caldera,BINANCE
HBD,hive_dollar,BINANCE
ACT,achain,BINANCE
HYUSD,hylo-usd,BINANCE
LAVA,lava-network,BINANCE
WAXP,wax,BINANCE
QANX,qanplatform,BINANCE
SN4,targon,BINANCE
BANANAS31,banana-for-scale-2,BINANCE
PM,pumpmeme,BINANCE
AVICI,avici,BINANCE
AEVO,aevo-exchange,BINANCE
LUSD,liquity-usd,BINANCE
SCRT,secret,BINANCE
ORDER,orderly-network,BINANCE
LISA,agentlisa,BINANCE
WNXM,wrapped-nxm,BINANCE
CHR,chromaway,BINANCE
MANTA,manta-network,BINANCE
CKBTC,chain-key-bitcoin,BINANCE
VR,victoria-vr,BINANCE
USDC.E,bridged-usd-coin-optimism,BINANCE
AIAT,ai-analysis-token,BINANCE
B2M,bit2me,BINANCE
AINTI,aintivirus,BINANCE
WXRP,wrapped-xrp,BINANCE
CVC,civic,BINANCE
WELL,moonwell-artemis,BINANCE
GCB,global-commercial-business,BINANCE
OCEAN,ocean-protocol,BINANCE
ZENT,zentry,BINANCE
UNIETH,universal-eth,BINANCE
UAI,unifai-network,BINANCE
WETH,ink-bridged-weth-ink,BINANCE
WBCH,wrapped-bch,BINANCE
WOLF,wolf-2,BINANCE
POND,marlin,BINANCE
PURR,purr-2,BINANCE
GOAT,goatseus-maximus,BINANCE
CBK,cobak-token,BINANCE
WSEI,wrapped-sei,BINANCE
BPX,black-phoenix,BINANCE
SATS,sats-ordinals,BINANCE
ACX,across-protocol,BINANCE
VHYPE,ventuals-vhype,BINANCE
XTUSD,xtusd,BINANCE
HONEY,honey-3,BINANCE
MGO,mango-network,BINANCE
GEMS,gems-vip,BINANCE
SIX,six,BINANCE
B2,bsquared-network,BINANCE
WSTETH,linea-bridged-wsteth-linea,BINANCE
DIA,dia-data,BINANCE
NYM,nym,BINANCE
G,g-token,BINANCE
DEP,deapcoin,BINANCE
WBTC.E,avalanche-old-bridged-wbtc-avalanche,BINANCE
USTBL,ustbl-tokenized-u-s-treasury-bill,BINANCE
WSTETH,polygon-bridged-wsteth-polygon,BINANCE
FXUSD,f-x-protocol-fxusd,BINANCE
AIXBT,aixbt,BINANCE
MPLX,metaplex,BINANCE
GXC,gxchain,BINANCE
YOETH,yield-optimizer-eth,BINANCE
OSAK,osaka-protocol,BINANCE
CHEX,chex-token,BINANCE
DXI,dacxi,BINANCE
SDOLA,sdola,BINANCE
MTL,metal,BINANCE
LYN,everlyn,BINANCE
PINKSALE,pinksale,BINANCE
AURORA,aurora-near,BINANCE
TREE,tree-capital,BINANCE
SAPIEN,sapien-2,BINANCE
AO,ao-computer,BINANCE
SETH,seth,BINANCE
KUJI,kujira,BINANCE
BFC,bifrost,BINANCE
WBTT,wrapped-btt-tron,BINANCE
AGI,delysium,BINANCE
MAGIC,magic,BINANCE
XT,xtcom-token,BINANCE
USDT.E,tether-rainbow-bridge,BINANCE
SYND,syndicate-3,BINANCE
DYM,dymension,BINANCE
XAI,xai-blockchain,BINANCE
MIRA,mira-3,BINANCE
PHA,pha,BINANCE
GNS,gains-network,BINANCE
AMIKO,amiko,BINANCE
ZKC,boundless,BINANCE
CLANKER,tokenbot-2,BINANCE
CPOOL,clearpool,BINANCE
ADCO,advertise-coin,BINANCE
FLIP,chainflip,BINANCE
CTSI,cartesi,BINANCE
B3,b3,BINANCE
WIN,wink,BINANCE
DETH,dialectic-eth-vault,BINANCE
YOUSD,yield-optimizer-usd,BINANCE
ASUSDF,astherus-staked-usdf,BINANCE
QKC,quark-chain,BINANCE
WKC,wiki-cat,BINANCE
GAME,gamebuild,BINANCE
AUKI,auki-labs,BINANCE
OZA,ozapay,BINANCE
ELON,dogelon-mars,BINANCE
ZKP,zkpass,BINANCE
TROLL,troll-2,BINANCE
CBAT,compound-basic-attention-token,BINANCE
DKA,dkargo,BINANCE
STBTC,lorenzo-stbtc,BINANCE
RSTETH,restaking-vault-eth,BINANCE
SLP,smooth-love-potion,BINANCE
LIUSD,infinifi-locked-iusd-1week,BINANCE
BANANA,banana-gun,BINANCE
ZEC,omnibridge-bridged-zcash-solana,BINANCE
MAGMA,magma-finance,BINANCE
ID,space-id,BINANCE
STBL,stbl,BINANCE
MSETH,metronome-synth-eth,BINANCE
EUSD,electronic-usd,BINANCE
LUCIC,lucidum,BINANCE
ADS,adshares,BINANCE
VINE,vine,BINANCE
DORA,dora-2,BINANCE
AERGO,aergo,BINANCE
USDC,mantle-bridged-usdc-mantle,BINANCE
MIMATIC,mimatic,BINANCE
哈基米,hakimi,BINANCE
PTGC,the-grays-currency,BINANCE
MMEV,midas-mmev,BINANCE
UQC,uquid-coin,BINANCE
HYPER,hyperlane,BINANCE
SN120,affine,BINANCE
CRT,carrot-2,BINANCE
USDC,zksync-bridged-usdc-zksync,BINANCE
AURA,aura-on-sol,BINANCE
PRDT,predictions,BINANCE
MSYRUPUSDP,midas-msyrupusdp,BINANCE
HP,hippo-protocol,BINANCE
ANKRETH,ankreth,BINANCE
SOLVBTC.JUP,solv-protocol-solvbtc-jupiter,BINANCE
SPYON,spdr-s-p-500-etf-ondo-tokenized-etf,BINANCE
HUNT,hunt-token,BINANCE
HYLOSOL,hylo-staked-sol,BINANCE
IAG,iagon,BINANCE
TNSR,tensor,BINANCE
PSP,pre-sp,BINANCE
CAW,a-hunters-dream,BINANCE
WPOL,wmatic,BINANCE
NUMI,numine-token,BINANCE
WTAO,wrapped-tao,BINANCE
EURE,monerium-eur-money-2,BINANCE
STRX,strikecoin,BINANCE
MED,medibloc,BINANCE
RESOLV,resolv,BINANCE
CGPT,chaingpt,BINANCE
ZEREBRO,zerebro,BINANCE
MAPO,marcopolo,BINANCE
BUCK,bucket-protocol-buck-stablecoin,BINANCE
SONIC,sonic-svm,BINANCE
COOKIE,cookie,BINANCE
ABT,arcblock,BINANCE
MOVR,moonriver,BINANCE
GRND,superwalk,BINANCE
VBUSDT,vaultbridge-bridged-usdt-katana,BINANCE
WZEDX,wrapped-zedxion,BINANCE
WOJAK,wojak-4,BINANCE
WRX,wazirx,BINANCE
JOE,joe,BINANCE
APR,apriori,BINANCE
KEEP,keep-network,BINANCE
INC,incrypt,BINANCE
TOKEN,tokenfi,BINANCE
PARTI,particle-network,BINANCE
AVAX,binance-peg-avalanche,BINANCE
BOB,bob-build-on-bitcoin,BINANCE
HOLO,holoworld,BINANCE
IXS,ix-swap,BINANCE
SOPH,sophon,BINANCE
ELA,elastos,BINANCE
BSU,baby-shark-universe,BINANCE
ELEPHANT,elephant-money,BINANCE
DAKU,daku-v2,BINANCE
USDU,usdu,BINANCE
HDX,hydradx,BINANCE
EDGE,definitive,BINANCE
EURA,ageur,BINANCE
ACT,acet-token,BINANCE
FLOCK,flock-2,BINANCE
BULLISH,bullish-degen,BINANCE
ISLM,islamic-coin,BINANCE
USDT,injective-bridged-usdt-injective,BINANCE
USDT,l2-standard-bridged-usdt-base,BINANCE
UFART,unit-fartcoin,BINANCE
BTCLE,bitcoin-limited-edition,BINANCE
AGIX,singularitynet,BINANCE
WCORE,wrapped-core,BINANCE
BONKSOL,bonk-staked-sol,BINANCE
GLMR,moonbeam,BINANCE
IDOL,meet48,BINANCE
JCT,janction,BINANCE
ALI,alethea-artificial-liquid-intelligence-token,BINANCE
HBUSDT,hyperbeat-usdt,BINANCE
EPIC,epic-chain,BINANCE
IKA,ika,BINANCE
USDC,bridged-usd-coin-scroll,BINANCE
GYD,gyroscope-gyd,BINANCE
DUSK,dusk-network,BINANCE
0XY,0xy,BINANCE
POKT,pocket-network,BINANCE
THE,thena,BINANCE
LHYPE,looped-hype,BINANCE
MUSD,metamask-usd,BINANCE
AVAIL,avail,BINANCE
SFRXUSD,staked-frax-usd,BINANCE
BBT,babyboomtoken,BINANCE
CATI,catizen,BINANCE
HEGIC,hegic,BINANCE
SKORAI,skor-ai,BINANCE
PNKSTR,punkstrategy,BINANCE
BTY,bityuan,BINANCE
ALLO,allora,BINANCE
NOM,nomina,BINANCE
GRX,grx-chain,BINANCE
OHO,oho-blockchain,BINANCE
EKUBO,ekubo-protocol,BINANCE
WFRAX,wrapped-frax,BINANCE
KMHYPE,kinetiq-markets-lst,BINANCE
F,synfutures,BINANCE
HT,huobi-token,BINANCE
SFI,saffron-finance,BINANCE
AGLD,adventure-gold,BINANCE
SCRVUSD,savings-crvusd,BINANCE
VELVET,velvet,BINANCE
AIO,olaxbt,BINANCE
SX,sx-network-2,BINANCE
GODS,gods-unchained,BINANCE
SHARP,sharp-token,BINANCE
ACE,endurance,BINANCE
TCY,tcy,BINANCE
FOOM,foom,BINANCE
FIRO,zcoin,BINANCE
C98,coin98,BINANCE
WILD,wilder-world,BINANCE
LIGHT,bitlight,BINANCE
PEP,pepecoin-network,BINANCE
MSHD,mashida,BINANCE
REAL,real-token,BINANCE
SFLR,sceptre-staked-flr,BINANCE
MSUSD,metronome-synth-usd,BINANCE
BB,bouncebit,BINANCE
QI,benqi,BINANCE
SANTOS,santos-fc-fan-token,BINANCE
WETH,gnosis-xdai-bridged-weth-gnosis-chain,BINANCE
SLVON,ishares-silver-trust-ondo-tokenized-stock,BINANCE
RBTC,rootstock,BINANCE
1USDC,harmony-horizen-bridged-usdc-harmony,BINANCE
FWETH,fluid-wrapped-ether,BINANCE
USN,noon-usn,BINANCE
DAI,makerdao-arbitrum-bridged-dai-arbitrum-one,BINANCE
MBL,moviebloc,BINANCE
READY,ready,BINANCE
ETN,electroneum,BINANCE
SN3,templar,BINANCE
BANK,lorenzo-protocol,BINANCE
CELR,celer-network,BINANCE
CAPX,capx-ai,BINANCE
LMTS,limitless-3,BINANCE
ULT,shardus,BINANCE
IVVON,ishares-core-s-p-500-etf-ondo-tokenized-etf,BINANCE
NIL,nillion,BINANCE
NEWT,newton-protocol,BINANCE
NAORIS,naoris,BINANCE
MNDE,marinade,BINANCE
BLESS,bless-2,BINANCE
SOLV,solv-protocol,BINANCE
AIX,planet-ix,BINANCE
USDH,usdh-2,BINANCE
USUALX,usualx,BINANCE
MAV,maverick-protocol,BINANCE
STAPT,hyperion-staked-aptos,BINANCE
SDL,stake-link,BINANCE
KLED,kled-ai,BINANCE
SSOL,solayer-staked-sol,BINANCE
US,talus,BINANCE
USDC,layerzero-bridged-usdc-etherlink,BINANCE
DOGS,dogs-2,BINANCE
BONE,bone-shibaswap,BINANCE
QQQON,invesco-qqq-etf-ondo-tokenized-etf,BINANCE
UTY,unity-2,BINANCE
VELO,velodrome-finance,BINANCE
KERNEL,kernel-2,BINANCE
TRADOOR,tradoor,BINANCE
PXETH,dinero-staked-eth,BINANCE
IR,infrared-finance,BINANCE
XRD,radix,BINANCE
SUPRA,supra,BINANCE
DOLO,dolomite,BINANCE
STORJ,storj,BINANCE
REZ,renzo,BINANCE
QUAI,quai-network,BINANCE
CRCLX,circle-xstock,BINANCE
REACT,reactive-network,BINANCE
AVL,avalon-2,BINANCE
BOBA,boba-network,BINANCE
MAX,max-token,BINANCE
OLAS,autonolas,BINANCE
GDOT,gigadot,BINANCE
CETUS,cetus-protocol,BINANCE
TRUST,intuition,BINANCE
ROAM,roam-token,BINANCE
TRUTH,swarm-network,BINANCE
PBTC,botanix-pegged-bitcoin,BINANCE
4,4-2,BINANCE
A8,ancient8,BINANCE
GFI,goldfinch,BINANCE
ZCHF,frankencoin,BINANCE
AVA,concierge-io,BINANCE
PLAY,playsout,BINANCE
USUALUSDC+,mev-capital-usual-boosted-usdc-morpho-vault,BINANCE
SEDA,seda-2,BINANCE
USDTE,tether-avalanche-bridged-usdt-e,BINANCE
EEG,equitedge,BINANCE
COLLECT,collect-on-fanable,BINANCE
Q,quack-ai,BINANCE
FAI,freysa-ai,BINANCE
MNGO,mango-markets,BINANCE
RLS,rayls,BINANCE
GPS,goplus-security,BINANCE
WETH,l2-standard-bridged-weth-blast,BINANCE
COL,clash-of-lilliput,BINANCE
DENT,dent,BINANCE
SAUCE,saucerswap,BINANCE
OGN,origin-protocol,BINANCE
SAGA,saga-2,BINANCE
HAIR,hairdao,BINANCE
WSGB,wrapped-songbird,BINANCE
ALCX,alchemix,BINANCE
DEVVE,devve,BINANCE
RUJI,rujira,BINANCE
HBHYPE,hyperbeat-ultra-hype,BINANCE
MMUI,metamui,BINANCE
PRO,propy,BINANCE
MBX,marblex,BINANCE
PUFFER,puffer-finance,BINANCE
EVER,everscale,BINANCE
TIG,the-innovation-game,BINANCE
USDC,gnosis-xdai-bridged-usdc-gnosis,BINANCE
NVDAX,nvidia-xstock,BINANCE
BERT,bertram-the-pomeranian,BINANCE
GLEEC,gleec-coin,BINANCE
FUN,funfair,BINANCE
ANYONE,airtor-protocol,BINANCE
WVIC,wrapped-viction,BINANCE
MAPOLLO,midas-mapollo,BINANCE
SN56,gradients,BINANCE
NCT,polyswarm,BINANCE
DG,degate,BINANCE
HFT,hashflow,BINANCE
ANON,heyanon,BINANCE
WETH,wormhole-bridged-weth-monad,BINANCE
WETH,unichain-bridged-weth-unichain,BINANCE
ETHIX,ethichub,BINANCE
ST0G,gimo-staked-0g,BINANCE
TRIBE,tribe-2,BINANCE
ZBTC,zeus-netwok-zbtc,BINANCE
CLASH,georgeplaysclashroyale,BINANCE
USDC.E,usdc-rainbow-bridge,BINANCE
DODO,dodo,BINANCE
DIAM,diam,BINANCE
META,metadium,BINANCE
KARMA,karma-2,BINANCE
STO,stakestone,BINANCE
CAT,simon-s-cat,BINANCE
ANT,autonomi,BINANCE
THALES,thales,BINANCE
NBASIS,nest-basis-vault,BINANCE
FORTH,ampleforth-governance-token,BINANCE
AQUA,aquarius,BINANCE
GREEN,green,BINANCE
MRE7YIELD,midas-mre7yield,BINANCE
SN9,iota-2,BINANCE
ELIZAOS,elizaos,BINANCE
TLTON,ishares-20-year-treasury-bond-etf-ondo-tokenized-etf,BINANCE
MXRP,midas-xrp,BINANCE
NTRN,neutron-3,BINANCE
RARE,superrare,BINANCE
WXPL,wrapped-xpl,BINANCE
USOL,unit-solana,BINANCE
CORGIAI,corgiai,BINANCE
PLLD,palladium-network,BINANCE
USDC,ccip-bridged-usdc-ronin,BINANCE
INV,inverse-finance,BINANCE
XAI,sideshift-token,BINANCE
TREE,treehouse,BINANCE
AMPL,ampleforth,BINANCE
OVER,overtime,BINANCE
RBNT,redbelly-network-token,BINANCE
WETH,pulsechain-bridged-weth-pulsechain,BINANCE
WETH,bridged-wrapped-ether-sonic,BINANCE
VRA,verasity,BINANCE
TST,test-3,BINANCE
DBIT,dialectic-btc-vault,BINANCE
PSP,paraswap,BINANCE
MITO,mito,BINANCE
VSTR,vestra-dao,BINANCE
XCM,coinmetro,BINANCE
AITECH,solidus-aitech,BINANCE
BEST,best,BINANCE
MCDULL,mcdull,BINANCE
VYUSD,yieldfi-vyusd,BINANCE
BIFI,beefy-finance,BINANCE
EGL1,egl1,BINANCE
RSC,researchcoin,BINANCE
PORTAL,portal-2,BINANCE
XSOL,hylo-leveraged-sol,BINANCE
NOS,nosana,BINANCE
WSTETH,lisk-bridged-wsteth-lisk,BINANCE
SURGE,surge-4,BINANCE
ASONUSDC,aave-usdc-sonic,BINANCE
SUSN,staked-usn,BINANCE
CRCLON,circle-internet-group-ondo-tokenized-stock,BINANCE
METFI,metfi-2,BINANCE
WETH,wrapped-eth-world-chain,BINANCE
NOBODY,nobody-sausage,BINANCE
USCR,uscr,BINANCE
HOSKY,hosky,BINANCE
WUSD,worldwide-usd,BINANCE
SDT,stake-dao,BINANCE
SWITCH,switch-token,BINANCE
STSOL,lido-staked-sol,BINANCE
TRUAPT,trufin-staked-apt,BINANCE
GAIX,gaiai,BINANCE
IN,infinit,BINANCE
IDIA,idia,BINANCE
ZKJ,polyhedra-network,BINANCE
CONX,xpla,BINANCE
HANU,hanu-yokia,BINANCE
SD,stader,BINANCE
YEE,yee-token,BINANCE
GRIFFAIN,griffain,BINANCE
GME,game-stop,BINANCE
CHILLGUY,chill-guy,BINANCE
SYZUSD,staked-yuzu-usd,BINANCE
BIC,beincom,BINANCE
ADX,adex,BINANCE
MUBARAK,mubarak,BINANCE
SWBERA,pol-staked-wbera,BINANCE
INIT,initia,BINANCE
MIN,minswap,BINANCE
PONKE,ponke,BINANCE
HFUN,hypurr-fun,BINANCE
XMW,morphware,BINANCE
ALICE,my-neighbor-alice,BINANCE
PHB,phoenix-global,BINANCE
BETA,beta-finance,BINANCE
FELY,felysyum,BINANCE
EL,elysia,BINANCE
CNX,cofinex-2,BINANCE
ON,orochi-network,BINANCE
ABEL,abelian,BINANCE
ENSO,enso,BINANCE
GUN,gunz,BINANCE
CGO,comtech-gold,BINANCE
BNBX,stader-bnbx,BINANCE
USDC,usd-coin-pulsechain,BINANCE
MEDXT,medxt,BINANCE
AQT,alpha-quark-token,BINANCE
YNETHX,yneth-max,BINANCE
DAI,makerdao-optimism-bridged-dai-optimism,BINANCE
WMNT,wrapped-mantle,BINANCE
CDAI,cdai,BINANCE
SYUSD,staked-yusd,BINANCE
KNTQ,kinetiq,BINANCE
RIO,realio-network,BINANCE
RVV,astra-nova,BINANCE
WMON,wrapped-monad,BINANCE
HEMI,hemi,BINANCE
CDCBTC,crypto-com-wrapped-btc,BINANCE
LOOK,look,BINANCE
BNKR,bankercoin-2,BINANCE
MBOX,mobox,BINANCE
ASD,asd,BINANCE
MOC,mossland,BINANCE
NAVX,navi,BINANCE
SYS,syscoin,BINANCE
TERA,tera-smart-money,BINANCE
VANRY,vanar-chain,BINANCE
GOOGLON,alphabet-class-a-ondo-tokenized-stock,BINANCE
ANY,anyspend,BINANCE
CWEB,coinweb,BINANCE
IEFAON,ishares-core-msci-eafe-etf-ondo-tokenized-etf,BINANCE
TT,thunder-token,BINANCE
SOSANA,sosana,BINANCE
ZEUS,zeus-network,BINANCE
SN44,score,BINANCE
LAT,platon-network,BINANCE
CAMP,camp-network,BINANCE
L3,layer3,BINANCE
OXT,orchid-protocol,BINANCE
CREPE,crepe-2,BINANCE
WAN,wanchain,BINANCE
ASM,assemble-protocol,BINANCE
ARARA,araracoin,BINANCE
DSYNC,destra-network,BINANCE
X1000,x1000,BINANCE
ALPH,alephium,BINANCE
PNP,penpie,BINANCE
SUSDX,usdx-money-staked-usdx,BINANCE
SWARMS,swarms,BINANCE
WEMIX$,wemix-dollar,BINANCE
MATICX,stader-maticx,BINANCE
MIA,mia-2,BINANCE
FKH,flying-ketamine-horse,BINANCE
AGGON,ishares-core-us-aggregate-bond-etf-ondo-tokenized-etf,BINANCE
EPS,ellipsis,BINANCE
DIT,diamond-token-2,BINANCE
WHBAR,wrapped-hbar,BINANCE
MLN,melon,BINANCE
PEPEONTRON,pepeontron,BINANCE
KLV,klever,BINANCE
SOLX,solaxy,BINANCE
CARDS,collector-crypt,BINANCE
GNUS,genius-ai,BINANCE
TGC,tg-casino,BINANCE
PEPECOIN,pepecoin-2,BINANCE
TRX,solana-bridged-trx-solana,BINANCE
C,chainbase,BINANCE
SCR,scroll,BINANCE
MITO,mitosis,BINANCE
TRU,truefi,BINANCE
YU,yu,BINANCE
USX,token-dforce-usd,BINANCE
DAO,dao-maker,BINANCE
NEON,neon,BINANCE
FCT,firmachain,BINANCE
HOPR,hopr,BINANCE
WCT,connect-token-wct,BINANCE
BR,bedrock-token,BINANCE
NEURAL,neuralai,BINANCE
CACAO,cacao,BINANCE
SN34,bitmind,BINANCE
APU,apu-s-club,BINANCE
GRS,groestlcoin,BINANCE
69420,69420,BINANCE
HEART,humans-ai,BINANCE
MNSRY,mansory-token,BINANCE
THT,thought,BINANCE
67,the-official-67-coin,BINANCE
RIZE,rize,BINANCE
ALUSD,alchemix-usd,BINANCE
ORAI,oraichain-token,BINANCE
NUB,sillynubcat,BINANCE
XION,xion-2,BINANCE
CTF,crypto-trading-fund,BINANCE
IDLE,idlemine,BINANCE
HMSTR,hamster-kombat,BINANCE
NETX,netx,BINANCE
SEND,suilend,BINANCE
USDM,usdm-2,BINANCE
ACS,access-protocol,BINANCE
GOOGLX,alphabet-xstock,BINANCE
ZKCRO,cronos-zkevm-cro,BINANCE
ICE,ice,BINANCE
USDT.Z,zedxion-bridged-usdt-zedxion,BINANCE
SHELL,myshell,BINANCE
STEAKETH,steakhouse-weth,BINANCE
OL,open-loot,BINANCE
BAS,bas,BINANCE
TSLAON,tesla-ondo-tokenized-stock,BINANCE
YUSD,yieldfi-ytoken,BINANCE
RAD,radicle,BINANCE
GAME,game-by-virtuals,BINANCE
ZEX,zeta,BINANCE
STON,ston-2,BINANCE
MYTH,mythos,BINANCE
CUSDC,compound-usd-coin,BINANCE
WEGLD,wrapped-elrond,BINANCE
PALMO,orcib,BINANCE
XSGD,xsgd,BINANCE
W0G,wrapped-0g,BINANCE
WFCA,wfca,BINANCE
TLM,alien-worlds,BINANCE
GP,graphite-protocol,BINANCE
COQ,coq-inu,BINANCE
POFU,pofu,BINANCE
GTC,gitcoin,BINANCE
VITA,vitadao,BINANCE
A47,agenda-47,BINANCE
CUDOS,cudos,BINANCE
ES,eclipse-3,BINANCE
DEXT,dextools,BINANCE
TOWNS,towns,BINANCE
UMBRA,umbra,BINANCE
FARM,harvest-finance,BINANCE
OI,o-intelligence-coin,BINANCE
NFP,nfprompt-token,BINANCE
WECAN,wecan,BINANCE
PIKA,pikaboss,BINANCE
VCRED,vcred,BINANCE
YNETH,yieldnest-restaked-eth,BINANCE
EURR,stablr-euro,BINANCE
ARIA,aria-ai,BINANCE
RDNT,radiant-capital,BINANCE
BXN,bxn,BINANCE
SN5,openkaito,BINANCE
AHT,ahatoken,BINANCE
WBTC,linea-bridged-wbtc-linea,BINANCE
LYX,lukso-token-2,BINANCE
PIVX,pivx,BINANCE
STS,beets-staked-sonic,BINANCE
MOBILE,helium-mobile,BINANCE
LSTHYPE,hyperbeat-lst-vault,BINANCE
QKA,qkacoin,BINANCE
SPYX,sp500-xstock,BINANCE
RUBY,ruby-coin,BINANCE
SSUI,spring-staked-sui,BINANCE
MORI,mori-coin,BINANCE
PNK,kleros,BINANCE
BGSOL,bitget-staked-sol,BINANCE
SN75,hippius,BINANCE
WFRAGSOL,wrapped-fragsol,BINANCE
FORT,forta,BINANCE
USD3,web-3-dollar,BINANCE
TIMI,metaarena,BINANCE
ARPA,arpa,BINANCE
LAZIO,lazio-fan-token,BINANCE
VLX,velas,BINANCE
THAPT,thala-apt,BINANCE
NST,ninja-squad,BINANCE
WALLET,ambire-wallet,BINANCE
EDEN,openeden,BINANCE
TAC,tac,BINANCE
PAYAI,payai-network-2,BINANCE
LQ,liqwid-finance,BINANCE
LUNA,luna-by-virtuals,BINANCE
ASR,as-roma-fan-token,BINANCE
RUSDC-HYPER,relend-network-usdc-hyperevm,BINANCE
AIOT,okzoo,BINANCE
MBC,monbasecoin,BINANCE
MXT,memetern,BINANCE
HOOK,hooked-protocol,BINANCE
APRA,apraemio,BINANCE
BROCCOLI,czs-dog,BINANCE
PORTO,fc-porto,BINANCE
WSTEAMX,steam-exchange,BINANCE
OMG,omisego,BINANCE
QQQX,nasdaq-xstock,BINANCE
DAI,avalanche-bridged-dai-avalanche,BINANCE
WETH,metis-bridged-weth-metis-andromeda,BINANCE
DFDVX,dfdv-xstock,BINANCE
YUSD,yusd-stablecoin,BINANCE
SENTIS,sentismai,BINANCE
OAS,oasys,BINANCE
PLAY,play-3,BINANCE
AMO,amo,BINANCE
LIBERTY,torch-of-liberty,BINANCE
RAMP,ramp,BINANCE
NATIX,natix-network,BINANCE
REI,unit-00-rei,BINANCE
LOAN,proton-loan,BINANCE
PAAL,paal-ai,BINANCE
DOG,the-doge-nft,BINANCE
ARTDRA,artdra-coin,BINANCE
VDOGE,venus-doge,BINANCE
SPLUSD,trevee-staked-plasma-usd,BINANCE
TUT,tutorial,BINANCE
TRUNEAR,trufin-staked-near,BINANCE
MCOIN,mcoin1,BINANCE
ANDY70B,andy70b,BINANCE
BLACK,blackhole,BINANCE
KAPT,kofi-aptos,BINANCE
ETH0,eth0,BINANCE
USDC.E,bridged-usdc-gnosis,BINANCE
SYN,synapse-2,BINANCE
DOGINME,doginme,BINANCE
FUEL,fuel-network,BINANCE
HIPPO,sudeng,BINANCE
XUSD,staked-stream-usd,BINANCE
SINGULARRY,singularry,BINANCE
DMTR,dimitra,BINANCE
PHB,red-pulse,BINANCE
PUNDIAI,pundi-aifx,BINANCE
LMWR,limewire-token,BINANCE
CAT,cat-terminal,BINANCE
ORI,orizon,BINANCE
ACA,acala,BINANCE
BAR,fc-barcelona-fan-token,BINANCE
UXLINK,uxlink,BINANCE
XBG,xborg,BINANCE
WXDC,wrapped-xdc,BINANCE
VSUI,volo-staked-sui,BINANCE
PSG,paris-saint-germain-fan-token,BINANCE
SERV,openserv,BINANCE
MSTRX,microstrategy-xstock,BINANCE
PYR,vulcan-forged,BINANCE
IMO,imo,BINANCE
TIPON,ishares-tips-bond-etf-ondo-tokenized-etf,BINANCE
OBT,orbiter-finance,BINANCE
INALPHA,nest-alpha-vault-lp,BINANCE
TAI,tars-protocol,BINANCE
XEM,nem,BINANCE
VIC,tomochain,BINANCE
PYBOBO,capybobo,BINANCE
BTG,openverse-network,BINANCE
BGSC,bugscoin,BINANCE
PROMPT,wayfinder,BINANCE
DF,dforce-token,BINANCE
FTRB,faith-tribe,BINANCE
LIQUIDHYPE,liquid-hype-yield,BINANCE
ASP,aspecta,BINANCE
BZZ,swarm-bzz,BINANCE
SPLD,splendor,BINANCE
STRIKE,strike-2,BINANCE
BULLA,bulla-3,BINANCE
STRONGSOL,stronghold-staked-sol,BINANCE
TUNA,defituna,BINANCE
WSOMI,wrapped-somi,BINANCE
BADGER,badger-dao,BINANCE
SN17,404-gen,BINANCE
TENSOR,wrapped-hypertensor,BINANCE
ZERA,zera,BINANCE
GIZA,giza,BINANCE
THOR,thorswap,BINANCE
SOLO,solomon,BINANCE
AISM,aism-faith-token,BINANCE
BB,bitboard,BINANCE
DXLM,doge-lumens,BINANCE
AIA,aia,BINANCE
SWEAT,sweatcoin,BINANCE
PURPE,purple-pepe,BINANCE
MERC,liquid-mercury,BINANCE
SAVE,save,BINANCE
BRISE,bitrise-token,BINANCE
SN68,nova-3,BINANCE
ONO,onocoy-token,BINANCE
PPC,peercoin,BINANCE
TGT,thorwallet,BINANCE
DZSOL,doublezero-staked-sol,BINANCE
WEDU,wrapped-edu,BINANCE
JUV,juventus-fan-token,BINANCE
CULT,milady-cult-coin,BINANCE
BLUE,bluefin,BINANCE
INCO,infiniticoin,BINANCE
MAMO,mamo,BINANCE
KEYCAT,keyboard-cat-base,BINANCE
USDA,anzens-usda,BINANCE
BEL,bella-protocol,BINANCE
ITOTON,ishares-core-s-p-total-us-stock-market-etf-ondo-tokenized-etf,BINANCE
JMPT,jumptoken,BINANCE
EZSOL,renzo-restaked-sol,BINANCE
IDRT,rupiah-token,BINANCE
IAUON,ishares-gold-trust-ondo-tokenized-stock,BINANCE
IXT,ix-token,BINANCE
ATA,automata,BINANCE
ANY,anyswap,BINANCE
WAI,world3,BINANCE
AIN,infinity-ground,BINANCE
DEGO,dego-finance,BINANCE
SQUIRREL,squirrel-by,BINANCE
EFAON,ishares-msci-eafe-etf-ondo-tokenized-etf,BINANCE
SUMX,summer-point-token,BINANCE
LANTERNSOL,lantern-staked-sol,BINANCE
IBGT,infrafred-bgt,BINANCE
VULT,vultisig,BINANCE
WFIO,wrapped-fio,BINANCE
BOS,bitcoinos,BINANCE
FIO,fio-protocol,BINANCE
SN67,tenex,BINANCE
SHMON,shmonad,BINANCE
PSC,powersnookercoin,BINANCE
WETH,l2-standard-bridged-weth-abstract,BINANCE
BMEX,bitmex-token,BINANCE
V,vault-2,BINANCE
STEAKUSDT,steakhouse-usdt,BINANCE
BUNDLE,village,BINANCE
UFD,unicorn-fart-dust,BINANCE
MONEY,defi-money,BINANCE
SEND,send-token-2,BINANCE
RACA,radio-caca,BINANCE
ALPHA,alpha-fi,BINANCE
AURABAL,aura-bal,BINANCE
RNT,reental,BINANCE
DMD,diamond,BINANCE
GEAR,gearbox,BINANCE
OORT,oort,BINANCE
MEED,meeds-dao,BINANCE
IDEX,aurora-dao,BINANCE
TURTLE,turtle-4,BINANCE
BTG,bitcoin-gold,BINANCE
RSETH,kelpdao-bridged-rseth-unichain,BINANCE
SPA,sperax,BINANCE
SYMM,symmio,BINANCE
RSS3,rss3,BINANCE
MGG,mimbogamegroup,BINANCE
BOUNTY,sentinel-protocol,BINANCE
IUSD,iusd,BINANCE
BELIEVE,ben-pasternak,BINANCE
CXT,covalent-x-token,BINANCE
SN50,synth-2,BINANCE
FHE,mind-network,BINANCE
PLT,poollotto-finance,BINANCE
DNT,district0x,BINANCE
USDF,flow-bridged-pyusd-flow,BINANCE
BOBO,bobo-coin,BINANCE
BYUSD,byusd,BINANCE
NIM,nimiq-2,BINANCE
JPYC,jpycoin,BINANCE
HEI,heima,BINANCE
AKE,akedo,BINANCE
ARIAIP,aria-2,BINANCE
XNY,codatta,BINANCE
VFX,vifoxcoin,BINANCE
USDC.E,soneium-bridged-usdc-soneium,BINANCE
D,dar-open-network,BINANCE
CLV,clover-finance,BINANCE
FWOG,fwog,BINANCE
WAETHLIDOGHO,wrapped-aave-ethereum-lido-gho,BINANCE
SKI,ski-mask-dog,BINANCE
NKN,nkn,BINANCE
TOKE,tokemak,BINANCE
AFSUI,aftermath-staked-sui,BINANCE
ATS,alltoscan,BINANCE
LOCK,houdini-swap,BINANCE
AOP,ark-of-panda,BINANCE
QUIL,wrapped-quil,BINANCE
GALEON,galeon,BINANCE
OUSD,origin-dollar,BINANCE
MCB,mcdex,BINANCE
POLS,polkastarter,BINANCE
WOD,world-of-dypians,BINANCE
MEA,mecca,BINANCE
USDT,polygon-hermez-bridged-usdt-x-layer,BINANCE
DEFI.SSI,defi-ssi,BINANCE
WFIL,wrapped-fil,BINANCE
PIKA,pika-protocol,BINANCE
CITY,manchester-city-fan-token,BINANCE
APX,apollox-2,BINANCE
WCGUSD,wrapped-cygnus-usd,BINANCE
AVA,ava-ai,BINANCE
IWFON,ishares-russell-1000-growth-etf-ondo-tokenized-etf,BINANCE
DIT,dadi-insight-token,BINANCE
A2Z,arena-z,BINANCE
GBACK,giveback,BINANCE
SN29,coldint,BINANCE
ARENA,the-arena,BINANCE
USDT,bridged-tether-scroll,BINANCE
HLSCOPE,hamilton-lane-senior-credit-opportunities-securitize-fund,BINANCE
PMUSD,precious-metals-usd,BINANCE
GHST,aavegotchi,BINANCE
PRCL,parcl,BINANCE
HOLLAR,hydrated-dollar,BINANCE
MEDGE,midas-medge,BINANCE
ANDY,andy-the-wisguy,BINANCE
SN41,sportstensor,BINANCE
AVT,aventus,BINANCE
HYBUX,hybux,BINANCE
PIT,pitbull,BINANCE
OGY,origyn-foundation,BINANCE
DORA,dora-factory-2,BINANCE
LC,lc-shib,BINANCE
BTR,bitrue-token,BINANCE
WIMX,wrapped-immutable,BINANCE
TDROP,thetadrop,BINANCE
NATI,illuminaticoin,BINANCE
LCS,localcoinswap,BINANCE
PEPPER,pepper,BINANCE
BOOE,book-of-ethereum,BINANCE
FUSD,freedom-dollar,BINANCE
STBTC,botanix-staked-bitcoin,BINANCE
WOKB,wrapped-okb,BINANCE
WOJAK,wojak,BINANCE
KYSOL,kyros-restaked-sol,BINANCE
1R0R,r0ar-token,BINANCE
KEKIUS,kekius-maximus,BINANCE
$FARTBOY,fartboy,BINANCE
USDT,kucoin-bridged-usdt-kucoin-community-chain,BINANCE
WBTC,bridged-wrapped-bitcoin-worldchain,BINANCE
SN19,nineteen-ai,BINANCE
MIM,magic-internet-money-runes,BINANCE
DARKSTAR,darkstar,BINANCE
PCOCK,pulsechain-peacock,BINANCE
CHEQ,cheqd-network,BINANCE
STKAPT,staked-kofi-aptos,BINANCE
PUPPIES,i-love-puppies,BINANCE
REAL,real-4,BINANCE
SUNDOG,sundog,BINANCE
ZEPH,zephyr-protocol,BINANCE
ZRC,zircuit,BINANCE
PUSD,plume-usd,BINANCE
TITN,thor-wallet,BINANCE
ICECREAM,icecream-ai,BINANCE
401JK,401jk,BINANCE
REG,realtoken-ecosystem-governance,BINANCE
1GUY,1guy,BINANCE
WIN,win-3,BINANCE
LODE,lodesupply,BINANCE
POLIS,star-atlas-dao,BINANCE
WBTC,etherlink-bridged-wbtc-etherlink,BINANCE
USDBC,bridged-usd-coin-base,BINANCE
VFY,zkverify,BINANCE
GETH,gigaeth,BINANCE
LUMIA,lumia,BINANCE
SAROS,saros-finance,BINANCE
DIEM,diem,BINANCE
BTCUSD,bitcoin-usd-btcfi,BINANCE
IRON,iron-fish,BINANCE
KET,ket,BINANCE
XMN,xmoney-2,BINANCE
LAB,lab,BINANCE
SN35,logicnet,BINANCE
GFAL,games-for-a-living,BINANCE
PLUSD,trevee-plasma-usd,BINANCE
DUPE,dupe,BINANCE
VOOI,vooi,BINANCE
MDT,measurable-data-token,BINANCE
1-COIN-CAN-CHANGE-YOUR-LIFE,1-coin-can-change-your-life,BINANCE
JOE,joe-coin,BINANCE
WIOTX,wrapped-iotex,BINANCE
OUSDT,orbit-bridge-klaytn-usd-tether,BINANCE
PNG,pangolin,BINANCE
CESS,cumulus-encrypted-storage-system,BINANCE
OMFG,omnipair,BINANCE
SPC,spacechain-erc-20,BINANCE
NEX,neon-exchange,BINANCE
VOW,vow,BINANCE
USDCV,usd-coinvertible,BINANCE
NEX,nexora,BINANCE
DINERO,dinero-2,BINANCE
HAIO,haio,BINANCE
SN1,apex-5,BINANCE
SFUND,seedify-fund,BINANCE
BTR,bitlayer-bitvm,BINANCE
GHX,gamercoin,BINANCE
GAL,galatasaray-fan-token,BINANCE
PIN,pinlink,BINANCE
BLZ,bluzelle,BINANCE
TCOM,tcom-global,BINANCE
EMT,earthmeta,BINANCE
GOLDAO,gold-dao,BINANCE
FAIR3,fair-and-free,BINANCE
DHT,dhedge-dao,BINANCE
EUROP,schuman-europ,BINANCE
BERASTONE,stakestone-berachain-vault-token,BINANCE
STM,steam22,BINANCE
MNTX,minutes-network-token,BINANCE
AXGT,axondao-governance-token,BINANCE
MEY,mey-network,BINANCE
HAEDAL,haedal,BINANCE
URANUS,uranus-4,BINANCE
ALU,altura,BINANCE
SN48,nextplace,BINANCE
DUCK,duckchain-token,BINANCE
KRL,kryll,BINANCE
STATOM,stride-staked-atom,BINANCE
GRIN,grin,BINANCE
NIBI,nibiru,BINANCE
MPST,maxi-payfi-strategy-token,BINANCE
BOB,build-on-bnb,BINANCE
IEMGON,ishares-core-msci-emerging-markets-etf-ondo-tokenized-etf,BINANCE
REP,augur,BINANCE
SN14,taohash,BINANCE
WETH,celo-bridged-weth-celo,BINANCE
TORUS,torus,BINANCE
SHDW,genesysgo-shadow,BINANCE
GRP,grape-2-2,BINANCE
KONET,konet,BINANCE
TRWA,tharwa,BINANCE
SN60,bitsec-ai,BINANCE
COMMON,common-2,BINANCE
FBOMB,fbomb,BINANCE
USDC,polygon-hermez-bridged-usdc-x-layer,BINANCE
VERSE,verse-world,BINANCE
BABYSHIBAINU,baby-shiba-inu,BINANCE
PUMP,pumpbtc-2,BINANCE
WSTETH,wormhole-bridged-wsteth-bsc,BINANCE
BFG,bfg-token,BINANCE
CAW,crow-with-knife,BINANCE
TAOBOT,tao-bot,BINANCE
PROPC,propchain,BINANCE
SPSC,shit-piss-skin-can,BINANCE
MOR,morpheusai,BINANCE
QUICK,quick,BINANCE
QUACK,richquack,BINANCE
CDCSOL,crypto-com-staked-sol,BINANCE
VIVI,vivi-coin,BINANCE
WEXO,wexo,BINANCE
NUM,numbers-protocol,BINANCE
MBASIS,midas-basis-trading-token,BINANCE
BBB,beny-bad-boy,BINANCE
NRN,neuron,BINANCE
TLOS,telos,BINANCE
RE7WETH,re7-weth,BINANCE
BCHEM,bitchemical-token,BINANCE
HANDY,handy,BINANCE
DADDY,daddy-tate,BINANCE
ZNN,zenon-2,BINANCE
SN93,bitcast,BINANCE
0X0,0x0-ai-ai-smart-contract,BINANCE
APFC,apf-coin,BINANCE
PKOIN,pocketcoin,BINANCE
BKN,brickken,BINANCE
MCADE,metacade,BINANCE
QUICK,quickswap,BINANCE
MAUSDC,matic-aave-usdc,BINANCE
EQB,equilibria-finance,BINANCE
WAPLAUSDT0,wrapped-aave-plasma-usdt0,BINANCE
YEC,ycash,BINANCE
DPHN,dolphin-2,BINANCE
KIBSHI,kiboshib,BINANCE
USDR,stablr-usd,BINANCE
LADYS,milady-meme-coin,BINANCE
DEXTF,dextf,BINANCE
ATM,atletico-madrid,BINANCE
VINU,vita-inu,BINANCE
CX,cortex-2,BINANCE
OMIKAMI,amaterasu-omikami,BINANCE
PATRIOT,patriot,BINANCE
REEF,reef,BINANCE
ARG,argentine-football-association-fan-token,BINANCE
ADO,ado-network,BINANCE
WEN,wen-4,BINANCE
ENG,eggle-energy,BINANCE
BID,creatorbid,BINANCE
DGLD,gold-token-sa-dgld-tokenized-gold,BINANCE
AGRS,agoras-currency-of-tau,BINANCE
EPIC,epic-cash,BINANCE
ETHDYDX,dydx,BINANCE
CEUR,celo-euro,BINANCE
BOX,debox,BINANCE
CHESS,tranchess,BINANCE
EDEL,edel,BINANCE
USOL,wrapped-solana-universal,BINANCE
WRBNT,wrapped-rbnt,BINANCE
UNA,unagi-token,BINANCE
DOP2,data-ownership-protocol-2,BINANCE
FOX,shapeshift-fox-token,BINANCE
BRACKY,bracky,BINANCE
BBUSD,bouncebit-usd-2,BINANCE
SN85,vidaio,BINANCE
WABASGHO,wrapped-aave-base-gho,BINANCE
SN18,zeus-5,BINANCE
CUDIS,cudis,BINANCE
PMT,public-meme-token,BINANCE
CULT,cult-dao,BINANCE
SN63,alpha-trader-exchange-atx,BINANCE
DOLZ,dolz-io,BINANCE
CAM,camino-network,BINANCE
NEET,neet,BINANCE
XTM,minotari,BINANCE
XAVA,avalaunch,BINANCE
LUNC,wrapped-terra,BINANCE
PAPARAZZI,paparazzi-token,BINANCE
PERP,perpetual-protocol,BINANCE
ALPINE,alpine-f1-team-fan-token,BINANCE
CGN,cygnus-2,BINANCE
VSC,vyvo-smart-chain,BINANCE
FUZZY,fuzzybear,BINANCE
SN39,w-ai-parked,BINANCE
RZR,rezor,BINANCE
TOMI,tominet,BINANCE
HUSTLE,agent-hustle,BINANCE
HERO,metahero,BINANCE
ACM,ac-milan-fan-token,BINANCE
SESH,session-token,BINANCE
M87,messier,BINANCE
USDQ,quantoz-usdq,BINANCE
NVDAON,nvidia-ondo-tokenized-stock,BINANCE
GAIB,gaib,BINANCE
HDN,hydranet,BINANCE
BMC,bountymarketcap,BINANCE
STNK,stonks-4,BINANCE
EGN,edu3games,BINANCE
OCTA,octaspace,BINANCE
RARI,rarible,BINANCE
DREAMS,daydreams,BINANCE
SWELL,swell-network,BINANCE
DADDYDOGE,daddy-doge,BINANCE
LOOPIN,loopin-network,BINANCE
MANYU,manyu-2,BINANCE
EAT,375ai,BINANCE
STXTZ,stacy-staked-xtz,BINANCE
GRAM,gram-2,BINANCE
PROS,prosper,BINANCE
ATLAS,star-atlas,BINANCE
NMT,netmind-token,BINANCE
OOB,oobit-2,BINANCE
$MYRO,myro,BINANCE
USDC,initia-bridged-usdc-initia,BINANCE
HASHAI,hashai,BINANCE
PORK,pepefork,BINANCE
WETH,kcc-bridged-weth-kucoin-community-chain,BINANCE
LIT,litentry,BINANCE
PEAR,pear-protocol,BINANCE
SN33,readyai,BINANCE
LYXE,lukso-token,BINANCE
ROCK.RETH,rocksolid-reth,BINANCE
VLR,velora,BINANCE
PATIENCE,patience-token,BINANCE
42,semantic-layer,BINANCE
TRUINJ,trufin-staked-inj,BINANCE
MGP,magpie,BINANCE
CHILLHOUSE,chill-house,BINANCE
SN13,data-universe,BINANCE
EVAA,evaa-protocol,BINANCE
DPI,defipulse-index,BINANCE
RICH,ostrich,BINANCE
PIPE,pipe-network,BINANCE
WHY,why,BINANCE
COS,contentos,BINANCE
FIH,fih,BINANCE
KCT,konnect,BINANCE
CMC20,coinmarketcap-20-index-dtf,BINANCE
THQ,theoriq,BINANCE
SN71,kora,BINANCE
CRMC,chrema-coin,BINANCE
BLOCK,block-4,BINANCE
SAN,santiment-network-token,BINANCE
MATH,math,BINANCE
KARRAT,karrat,BINANCE
COINX,coinbase-xstock,BINANCE
TKO,tokocrypto,BINANCE
MOODENG,moo-deng-2,BINANCE
USDC,sx-rollup-bridged-usdc-sx-rollup,BINANCE
CHECK,checkmate-2,BINANCE
AU79,au79,BINANCE
SN53,efficientfrontier,BINANCE
KOMA,koma-inu,BINANCE
IZI,izumi-finance,BINANCE
FEG,feg-token-2,BINANCE
MEMEFI,memefi-2,BINANCE
CRTS,cratos,BINANCE
BMT,bubblemaps,BINANCE
B3TR,vebetterdao,BINANCE
HMT,human-protocol,BINANCE
PIXEL,pixels,BINANCE
SUSD,solayer-usd,BINANCE
MIGGLES,mister-miggles,BINANCE
DDX,derivadao,BINANCE
DJI6930,dowge,BINANCE
OVPP,openvpp,BINANCE
SLERF,slerf-2,BINANCE
TRIAS,trias-token,BINANCE
RUSDC,relend-network-usdc-swell,BINANCE
LCAT,lion-cat,BINANCE
SOL,base-bridged-sol-base,BINANCE
HTR,hathor,BINANCE
CONCILIUM,concilium,BINANCE
ANT,aragon,BINANCE
T99,tethereum-3,BINANCE
WOLF,landwolf-0x67,BINANCE
MYST,mysterium,BINANCE
PHNIX,phnix,BINANCE
FACY,araistotle,BINANCE
BNUSD,balanced-dollars,BINANCE
JOBCOIN,jobcoin-2,BINANCE
SQGROW,squidgrow-2,BINANCE
DMC,delorean,BINANCE
GLC,goldcoin,BINANCE
LUCKY,lucky,BINANCE
BLUAI,bluwhale,BINANCE
CAESAR,caesar,BINANCE
BOSON,boson-protocol,BINANCE
MEMS,memesis-world,BINANCE
FPIS,frax-price-index-share,BINANCE
SUP,superp,BINANCE
SCA,scallop-2,BINANCE
STEAKUSDC,steakhouse-usdc,BINANCE
PIXL,sappy-seals-pixl,BINANCE
PX,not-pixel,BINANCE
WINK,wink-2,BINANCE
CSWAP,chainswap-3,BINANCE
REN,republic-protocol,BINANCE
FTMX,ftmtoken,BINANCE
SN6,infinite-games,BINANCE
SAD,sad-coin,BINANCE
SN81,patrol-tao-com,BINANCE
WXTZ,wrapped-xtz,BINANCE
XX,xxcoin,BINANCE
QST,qustream,BINANCE
USDH,hermetica-usdh,BINANCE
WXT,wirex,BINANCE
ALKIMI,alkimi-2,BINANCE
GLDX,gold-xstock,BINANCE
DIVI,divi,BINANCE
ALEPH,aleph,BINANCE
LINGO,lingo,BINANCE
U,union-2,BINANCE
NXRA,allianceblock-nexera,BINANCE
NFTX,nftx,BINANCE
OWBTC,orbit-bridge-klaytn-wrapped-btc,BINANCE
METAON,meta-platforms-ondo-tokenized-stock,BINANCE
CDL,creditlink-token,BINANCE
SUKU,suku,BINANCE
SHACK,shack-token,BINANCE
USDUC,unstable-coin,BINANCE
SRM,serum,BINANCE
GYEN,gyen,BINANCE
EEMON,ishares-msci-emerging-markets-etf-ondo-tokenized-etf,BINANCE
MVC,mileverse,BINANCE
SPUSD,soulpeg-usd,BINANCE
KDK,kodiak-finance,BINANCE
COPI,cornucopias,BINANCE
SN11,dippy,BINANCE
EURQ,quantoz-eurq,BINANCE
AURY,aurory,BINANCE
$BORGY,borgy,BINANCE
SOBTC,wrapped-bitcoin-sollet,BINANCE
FLRETH,flare-staked-ether,BINANCE
SN16,bitads,BINANCE
DRG,dragonswap,BINANCE
WETH,arbitrum-bridged-weth-arbitrum-nova,BINANCE
PDT,paragonsdao,BINANCE
HOLD,holdstation-2,BINANCE
USP,usp-yield-optimized-stablecoin,BINANCE
UFO,ufo-token,BINANCE
U,united-stables,BINANCE
WETH,superbridge-bridged-weth-soneium,BINANCE
FREYA,freya-by-virtuals,BINANCE
CTY,custodiy-2,BINANCE
SPDR,spiderswap,BINANCE
MIU,miu-2,BINANCE
HUSD,husd,BINANCE
CA,ca-htb,BINANCE
NTX,nunet,BINANCE
FRAX,rainbow-bridged-frax-near-protocol,BINANCE
DHC,doge-head-coin,BINANCE
SWAP,trustswap,BINANCE
BROCCOLI,broccoli-3,BINANCE
RWA,allo,BINANCE
CTX,cryptex-finance,BINANCE
PING,ping,BINANCE
LOFI,lofi-2,BINANCE
STEP,step-finance,BINANCE
FRIEND,friend-tech,BINANCE
NRS,nereus-token,BINANCE
TICS,qubetics,BINANCE
UBT,unibright,BINANCE
PTB,portal-to-bitcoin,BINANCE
HAI,hackenai,BINANCE
SURE,insure,BINANCE
SETH2,seth2,BINANCE
BCD,bitcoin-diamond,BINANCE
NEXA,nexacoin,BINANCE
INDY,indigo-dao-governance-token,BINANCE
XCP,counterparty,BINANCE
CODEC,codec-flow,BINANCE
KMD,komodo,BINANCE
GUA,superfortune,BINANCE
BCN,bytecoin,BINANCE
VTC,vertcoin,BINANCE
REF,ref-finance,BINANCE
WTN,waterneuron,BINANCE
DIMO,dimo,BINANCE
RXRC,rxr-coin,BINANCE
EDGE,edge,BINANCE
JAGER,jager-hunter,BINANCE
GRDM,grdm,BINANCE
SAGA,wrapped-saga,BINANCE
NOICE,noice,BINANCE
SOIL,soil,BINANCE
USDT,bridged-tether-starkgate,BINANCE
VCHF,vnx-swiss-franc,BINANCE
VCT,vchat-token,BINANCE
MINIMA,minima,BINANCE
AI,sleepless-ai,BINANCE
AFR,afreum,BINANCE
LCAP,cf-large-cap-index,BINANCE
10SET,tenset,BINANCE
WATC,watcoin-2,BINANCE
IOT,helium-iot,BINANCE
RAIN,rain-coin,BINANCE
CEEK,ceek,BINANCE
SN52,dojo-3,BINANCE
MLC,my-lovely-coin,BINANCE
BEAM,beam,BINANCE
CBADA,coinbase-wrapped-ada,BINANCE
KGST,kyrgyz-som-stablecoin,BINANCE
PEIPEI,peipeicoin-vip,BINANCE
NINSTO,nest-institutional-vault,BINANCE
AFC,arsenal-fan-token,BINANCE
PART,particl,BINANCE
OPUL,opulous,BINANCE
HERB,herbcoin,BINANCE
PND,pandacoin,BINANCE
HWHLP,hyperwave-hlp,BINANCE
GOLDN,goldn,BINANCE
DAM,reservoir,BINANCE
SWCH,swisscheese,BINANCE
OBSR,observer-coin,BINANCE
BMMF,balsa-mm-fund,BINANCE
AUBRAI,aubrai-by-bio,BINANCE
RYZE,ryze,BINANCE
PC,pentagon-chain,BINANCE
STUFF,book-2,BINANCE
TRADE,polytrade,BINANCE
GAIA,gaia-3,BINANCE
USX,usx-2,BINANCE
SRUSD,reservoir-srusd,BINANCE
ARMY,army-3,BINANCE
EDUM,edum,BINANCE
AXCNH,axcnh,BINANCE
CDP,enosys-loans-cdp,BINANCE
SEAM,seamless-protocol,BINANCE
EVR,evernode,BINANCE
J,jambo,BINANCE
BTC.Z,bitcoin-bridged-zed20,BINANCE
ETH2X-FLI,eth-2x-flexible-leverage-index,BINANCE
AMETA,alpha-city,BINANCE
ORNG,orange-2,BINANCE
VATRENI,croatian-ff-fan-token,BINANCE
XWBTC,endur-fi-staked-wbtc,BINANCE
SGC,battle-of-three-kingdoms,BINANCE
RCH,rch-token,BINANCE
MFT,mainframe,BINANCE
CTA,cross-the-ages,BINANCE
MHNA,mahina-token,BINANCE
PUP,pup-token,BINANCE
AVO,avo,BINANCE
YALA,yala,BINANCE
M.USDC,metis-bridged-usdc-metis,BINANCE
LTCIC,cicada-finance,BINANCE
KENDU,kendu-inu,BINANCE
PEAS,peapods-finance,BINANCE
SPARKLET,upland,BINANCE
TGBP,tokenised-gbp,BINANCE
USDZ,zedxion-usdz,BINANCE
YUTY,staked-uty,BINANCE
DGNETH,degen-eth-staked-eth,BINANCE
EXTRA,extra-finance,BINANCE
BTCMT,minto,BINANCE
PNDC,pond-coin,BINANCE
VOLT,volt-inu-2,BINANCE
CINO,private-aviation-finance-token,BINANCE
XSWAP,xswap-2,BINANCE
PORTALS,portals,BINANCE
BELLS,bellscoin,BINANCE
TRUNK,elephant-money-trunk,BINANCE
XSTRK,endur-fi-staked-strk,BINANCE
CORAL,coral-protocol,BINANCE
NECT,nectar,BINANCE
QUP,qup-coin,BINANCE
GOR,gorbagana,BINANCE
ALPHA,alpha-finance,BINANCE
APL,aria-premier-launch,BINANCE
SWISE,stakewise,BINANCE
DMT,dream-machine-token,BINANCE
SN74,gittensor,BINANCE
SN77,liquidity,BINANCE
恶俗企鹅,vulgar-penguin,BINANCE
PUBLIC,publicai,BINANCE
USDT,tether-pulsechain,BINANCE
SIRE,draiftking,BINANCE
YBTC.B,yield-btc-b,BINANCE
VON,von,BINANCE
MOBY,moby-ai,BINANCE
ZND,znd-token,BINANCE
HATCH,hatch-2,BINANCE
SLC,silencio,BINANCE
TOBY,toby-toadgod,BINANCE
ALOT,dexalot,BINANCE
SHIB,shiba-on-base,BINANCE
NAKA,nakamoto-games,BINANCE
DATA,streamr,BINANCE
WCHZ,wrapped-chiliz-kayen,BINANCE
KUMA,captain-kuma,BINANCE
PUSS,puss,BINANCE
WHLP,wrapped-hlp,BINANCE
CATE,catecoin,BINANCE
IWNON,ishares-russell-2000-value-etf-ondo-tokenized-etf,BINANCE
HGPT,hypergpt,BINANCE
WISE,wise-token11,BINANCE
SOGNI,sogni-ai,BINANCE
CBDOGE,coinbase-wrapped-doge,BINANCE
DOGEKING,dogeking,BINANCE
USSI,ussi,BINANCE
GT3,gt3-finance,BINANCE
SOCKS,unisocks,BINANCE
JETT,jett-crypto,BINANCE
UOS,ultra,BINANCE
HIFI,hifi-finance,BINANCE
HYPE,wormhole-bridged-hype,BINANCE
HOLD,everybody,BINANCE
MON,mon-protocol,BINANCE
SWTCH,switchboard,BINANCE
PUMPCADE,pumpcade,BINANCE
DEXNET,dexnet,BINANCE
DATOM,drop-staked-atom,BINANCE
SN46,neural3d,BINANCE
AZEN,azen,BINANCE
NALPHA,nest-alpha-vault,BINANCE
WAVE,waveform-by-virtuals,BINANCE
SHIDO,shido-2,BINANCE
USDT,morph-l2-bridged-usdt-morph-l2,BINANCE
XDATA,streamr-xdata,BINANCE
LLYON,eli-lilly-ondo-tokenized-stock,BINANCE
SPECTRE,spectre-ai,BINANCE
BEAR,teddy-bear,BINANCE
SILO,silo-finance-2,BINANCE
FLAY,flayer,BINANCE
TA,trusta-ai,BINANCE
PLAY,play-solana-token,BINANCE
REST,just-need-some-rest,BINANCE
XEP,electra-protocol,BINANCE
POR,portugal-national-team-fan-token,BINANCE
DERO,dero,BINANCE
XTER,xterio,BINANCE
ZKML,zkml,BINANCE
REPPO,reppo,BINANCE
UTON,uton,BINANCE
BXX,baanx,BINANCE
USDT,abstract-bridged-usdt-abstract,BINANCE
XHYPE,xhype-2,BINANCE
$NAP,snap-kero,BINANCE
GUD,gud-tech,BINANCE
MEUSD,morpho-eusd,BINANCE
BIDZ,bidz-coin,BINANCE
LWA,onbuff,BINANCE
KO,kyuzo-s-friends,BINANCE
AGVE,agave-token,BINANCE
AMZNON,amazon-ondo-tokenized-stock,BINANCE
METH,manta-meth,BINANCE
PAW,pawswap,BINANCE
MANEKI,maneki,BINANCE
MET,metronome,BINANCE
XEL,xelis,BINANCE
AUDD,novatti-australian-digital-dollar,BINANCE
CROWN,crown-by-third-time-games,BINANCE
DIVER,divergence-protocol,BINANCE
LITKEY,lit-protocol,BINANCE
NS,suins-token,BINANCE
CHAIN,chain-games,BINANCE
XDB,digitalbits,BINANCE
CLORE,clore-ai,BINANCE
SN45,swe-rizzo,BINANCE
VARA,vara-network,BINANCE
HLN,enosys,BINANCE
NOMU,nomu,BINANCE
WWDOGE,wrapped-wdoge,BINANCE
WAARBGHO,wrapped-aave-arbitrum-gho,BINANCE
SMON,kintsu-staked-monad,BINANCE
YNBNBX,ynbnb-max,BINANCE
USDC,near-intents-bridged-usdc,BINANCE
WBTC,merlin-chain-bridged-wrapped-btc-merlin,BINANCE
SIS,symbiosis-finance,BINANCE
ROA,roaland-core,BINANCE
CELL,cellframe,BINANCE
VIRUS,virus-2,BINANCE
SBD,steem-dollars,BINANCE
RION,hyperion-2,BINANCE
ASTRA,astraai,BINANCE
WPEAQ,wrapped-peaq,BINANCE
GOCHU,gochujangcoin,BINANCE
METAX,meta-xstock,BINANCE
PAI,parrot-usd,BINANCE
ABSTER,abster,BINANCE
STAPT,amnis-staked-aptos-coin,BINANCE
SN12,compute-horde,BINANCE
AAPLX,apple-xstock,BINANCE
SLR,solarcoin,BINANCE
CUNI,compound-uniswap,BINANCE
SMT,swarm-markets,BINANCE
DNTRN,drop-staked-ntrn,BINANCE
VNXAU,vnx-gold,BINANCE
BLD,agoric,BINANCE
ADP,adappter-token,BINANCE
MPC,partisia-blockchain,BINANCE
UBU,africarare,BINANCE
PACK,hashpack,BINANCE
TET,tectum,BINANCE
STOS,stratos,BINANCE
TRUE,true,BINANCE
SMSUSD,staked-msusd,BINANCE
ARIA20,arianee,BINANCE
DJED,djed,BINANCE
SN10,sturdy-subnet,BINANCE
WMAPO,wrapped-mapo,BINANCE
HERA,hera-finance,BINANCE
SAITO,saito,BINANCE
GAFI,gamefi,BINANCE
RETARDIO,retardio,BINANCE
GLADIUS,gladius,BINANCE
HOODX,robinhood-xstock,BINANCE
DIGITS,digits-dao,BINANCE
STTON,bemo-staked-ton,BINANCE
SN43,graphite,BINANCE
GME,gme,BINANCE
NPXS,pundi-x,BINANCE
KYVE,kyve-network,BINANCE
FROK,frok-ai,BINANCE
PREMIA,premia,BINANCE
SCS,solcasino-token,BINANCE
USDC,layerzero-bridged-usdc-aptos,BINANCE
SLT,salute,BINANCE
MOON,moon,BINANCE
YSOL,synatra-staked-sol,BINANCE
RUSSELL,russell,BINANCE
VEIL,veil-token,BINANCE
VY,valinity,BINANCE
MOE,moe-3,BINANCE
LQR,laqira-protocol,BINANCE
FNCT,financie-token,BINANCE
CYPR,cypher-2,BINANCE
ZARP,zarp-stablecoin,BINANCE
STAX,stax-token,BINANCE
TONIC,tectonic,BINANCE
YUSD,synatra-staked-usdc,BINANCE
ZENBTC,wrapped-zenbtc,BINANCE
UNCX,unicrypt-2,BINANCE
WAGMI,wagmi-2,BINANCE
DEOD,decentrawood,BINANCE
TRYB,bilira,BINANCE
NACHO,nacho-the-kat,BINANCE
KISHU,kishu-inu,BINANCE
GXA,galaxia,BINANCE
PHT,pht-stablecoin,BINANCE
LFT,lifeform,BINANCE
XL1,xl1,BINANCE
USDC,wanchain-bridged-usdc-cardano,BINANCE
EPT,balance,BINANCE
P33,pharaoh-liquid-staking-token,BINANCE
ESX,estatex,BINANCE
BAY,marina-protocol,BINANCE
WELF,welf,BINANCE
JOULE,joule-2,BINANCE
GOATED,goat-network,BINANCE
WIRE,717ai-by-virtuals,BINANCE
HAKHYPE,harmonix-khype,BINANCE
XCL,xcellar,BINANCE
OJEE,vimworld-ojee,BINANCE
GPU,nodeai,BINANCE
KWENTA,kwenta,BINANCE
HYDX,hydrex,BINANCE
LIME,ime-lab,BINANCE
EDGESOL,edgevana-staked-sol,BINANCE
WAARBUSDT,wrapped-aave-arbitrum-usdt,BINANCE
SN91,tensorprox,BINANCE
INTER,inter-milan-fan-token,BINANCE
OBOL,obol-2,BINANCE
TANSSI,tanssi,BINANCE
TIME,chronobank,BINANCE
$HACHI,hachiko-3,BINANCE
MZC,maza,BINANCE
USDL,liquid-loans-usdl,BINANCE
MEX,maiar-dex,BINANCE
COOK,meth-protocol,BINANCE
BSDETH,based-eth,BINANCE
CBLTC,coinbase-wrapped-ltc,BINANCE
KING,lrt-squared,BINANCE
FAR,farcana,BINANCE
DSTRX,districts,BINANCE
REUSDE,re-protocol-reusde,BINANCE
RSUP,resupply,BINANCE
PAIN,pain,BINANCE
NUTS,thetanuts-finance,BINANCE
USDT0,stargate-bridged-usdt0,BINANCE
SUSP,pareto-staked-usp,BINANCE
BMX,bmx,BINANCE
EURT,tether-eurt,BINANCE
REX33,etherex-liquid-staking-token,BINANCE
BONZO,bonzo-finance,BINANCE
客服小何,customer-service-xiao-he,BINANCE
WBTC,rainbow-bridged-wbtc-near-protocol,BINANCE
EFI,efinity,BINANCE
WABASUSDC,wrapped-aave-base-usdc,BINANCE
XSUSHI,xsushi,BINANCE
BNC,bifrost-native-coin,BINANCE
PROS,prospective,BINANCE
SN121,sundae-bar,BINANCE
HEMIBTC,hemi-bitcoin,BINANCE
SNS,solana-name-service,BINANCE
UXRP,wrapped-xrp-universal,BINANCE
REI,rei-network,BINANCE
NAV,nav-coin,BINANCE
JESSE,jesse,BINANCE
FROGGIE,froggie,BINANCE
VNO,veno-finance,BINANCE
VPAY,vpay,BINANCE
FARTCOIN,based-fartcoin,BINANCE
SSLX,starslax,BINANCE
AURA,aura-finance,BINANCE
SN22,desearch,BINANCE
BRLA,brla-digital-brla,BINANCE
LMTON,lockheed-ondo-tokenized-stock,BINANCE
FLP.1,flash-liquidity-token,BINANCE
SUSD,staked-usd-coin,BINANCE
MZR,mizar,BINANCE
WSTETH,polygon-zkevm-bridged-wsteth-katana,BINANCE
U1,umbra-2,BINANCE
SOVRN,sovrun,BINANCE
BENJI,basenji,BINANCE
ALD,aladdin-dao,BINANCE
KAN,kan,BINANCE
XFI,crossfi-2,BINANCE
ODOS,odos,BINANCE
XPED,xpedition,BINANCE
REE,reecoin-2,BINANCE
POLA,polaris-share,BINANCE
ZCX,unizen,BINANCE
DRESS,dressdio,BINANCE
PROPS,propbase,BINANCE
CAR,central-african-republic-meme,BINANCE
STAPL,staked-aria-premier-launch,BINANCE
GMEE,gamee,BINANCE
PINTO,pinto,BINANCE
MAMA,mama-coin,BINANCE
DRB,debtreliefbot,BINANCE
SIPHER,sipher,BINANCE
TOWER,tower,BINANCE
WAGMIGAMES,wagmi-game-2,BINANCE
XPACK,xpack,BINANCE
RWA,real-world-ai,BINANCE
VERTAI,vertical-ai,BINANCE
RHEA,rhea-2,BINANCE
RE7WBTC,re7-wbtc-morpho-vault,BINANCE
BRIDGE,octus-bridge,BINANCE
SN76,safe-scan,BINANCE
INDEX,index-cooperative,BINANCE
AJNA,ajna-protocol,BINANCE
SCFX,shui-cfx,BINANCE
ARX,arcs,BINANCE
JETTON,jetton,BINANCE
MUSD,meta-usd,BINANCE
VUSD,veno-usd,BINANCE
WHALE,whale,BINANCE
MLT,media-licensing-token,BINANCE
REAL,defactor,BINANCE
PALU,palu,BINANCE
WLTH,common-wealth,BINANCE
WSTKSCUSD,wrapped-stkscusd,BINANCE
JUNO,juno-network,BINANCE
FEI,fei-usd,BINANCE
WBTC,gnosis-xdai-bridged-wbtc-gnosis-chain,BINANCE
NBLU,nuritopia,BINANCE
LORDS,lords,BINANCE
TRAC,trac,BINANCE
SN123,mantis-2,BINANCE
LM,leisuremeta,BINANCE
SN25,mainframe-2,BINANCE
GROK,grok-2,BINANCE
JESUS,jesus-coin,BINANCE
GET,global-entertainment-token,BINANCE
$CPT,empulser-enterprises,BINANCE
SN73,merit-2,BINANCE
ETH,osmosis-alleth,BINANCE
DEURO,decentralized-euro,BINANCE
SN24,omega-labs,BINANCE
IMPT,impt,BINANCE
AITV,agentcoin-tv,BINANCE
SAFEMARS,safemars,BINANCE
SN30,bettensor,BINANCE
AOL,america-s-official-launchpad,BINANCE
YLAY,yelay,BINANCE
AST,airswap,BINANCE
SOLPUMP,solpump,BINANCE
DRGN,dragonchain,BINANCE
USDC,multichain-bridged-usdc-fantom,BINANCE
CHMPSTR,chimpstrategy,BINANCE
PIB,pibble,BINANCE
FLM,flamingo-finance,BINANCE
QORPO,qopro,BINANCE
PIRATE,pirate-token,BINANCE
SN7,subvortex,BINANCE
FIDU,fidu,BINANCE
HSUITE,hsuite,BINANCE
FAF,flash-trade,BINANCE
CLY,colony,BINANCE
VEUR,vnx-euro,BINANCE
KDA,kadena,BINANCE
PRXVT,prxvt-by-virtuals,BINANCE
SNC,suncontract,BINANCE
TRUF,truflation,BINANCE
JOJO,jojoworld,BINANCE
CL8Y,ceramicliberty-com,BINANCE
TAROT,tarot-2,BINANCE
ANGLE,angle-protocol,BINANCE
GS,gammaswap,BINANCE
WGBERA,wrapped-gbera,BINANCE
AZERO,aleph-zero,BINANCE
NAM,namada,BINANCE
SN54,webgenieai,BINANCE
PINGO,pingo,BINANCE
SNORT,snorter,BINANCE
VIBESTR,vibestrategy,BINANCE
MPT,miracle-play,BINANCE
SN127,cel-ai,BINANCE
SOV,sovryn,BINANCE
GEL,gelato,BINANCE
OPUS,opus-2,BINANCE
USDC.E,movement-bridged-usdc-movement,BINANCE
ETH,near-intents-bridged-eth,BINANCE
USDXL,last-usd,BINANCE
FM,full-moon,BINANCE
LIQ,liquidium-token,BINANCE
SPCM,spacem-token,BINANCE
SACHI,sachicoin,BINANCE
WETH,layerzero-bridged-wrapped-ether-swellchain,BINANCE
USA,american-coin,BINANCE
WBNB,bridged-wbnb,BINANCE
ELP,elympics,BINANCE
DOPU,dog-with-purpose,BINANCE
HAROLD,haroldonsol,BINANCE
RBN,ribbon-finance,BINANCE
3ULL,playa3ull-games-2,BINANCE
WZKCRO,wrapped-zkcro,BINANCE
VAI,vaiot,BINANCE
DOBO,dogebonk,BINANCE
MONKY,wise-monkey,BINANCE
BOTTO,botto,BINANCE
XAND,xandeum,BINANCE
ATR,artrade,BINANCE
MAIGA,maiga,BINANCE
马到成功,success-2,BINANCE
MK,memelinked,BINANCE
SIX,six-network,BINANCE
PEPU,pepe-unchained-2,BINANCE
HI,hi-dollar,BINANCE
DOGE,department-of-government-efficiency,BINANCE
JEST,jester,BINANCE
PALM,palm-economy,BINANCE
COLLAT,collaterize,BINANCE
SERAPH,seraph,BINANCE
USDP,parallel-usdp,BINANCE
DROP,drop-2,BINANCE
KOON,coca-cola-ondo-tokenized-stock,BINANCE
SPS,splinterlands,BINANCE
PAI,parallelai,BINANCE
PUPS,rune-pups,BINANCE
NYA,nya,BINANCE
SN26,storb,BINANCE
AAPLON,apple-ondo-tokenized-stock,BINANCE
INSP,inspect,BINANCE
KAVAUSDT,ibc-bridged-usdt,BINANCE
GOG,guild-of-guardians,BINANCE
PRE,presearch,BINANCE
VOXEL,voxies,BINANCE
ORIBGT,origami-ibgt-auto-compounder,BINANCE
PFEON,pfizer-ondo-tokenized-stock,BINANCE
LL,lightlink,BINANCE
BLK,blackcoin,BINANCE
IBS,ibs-2,BINANCE
ROAR,og-roaring-kitty,BINANCE
SIGMA,sigma,BINANCE
STAT,stat,BINANCE
4CHAN,4chan,BINANCE
PNIC,phoenic-token,BINANCE
USDV,solomon-usdv,BINANCE
GRPH,soul-graph,BINANCE
MVRK,mavryk-network,BINANCE
BT365,blocktrader365,BINANCE
SYNT,synternet-synt,BINANCE
USDC,sophon-bridged-usdc-sophon,BINANCE
EAI,eagle-ai,BINANCE
ZCL,zclassic,BINANCE
WM,white-monkey,BINANCE
HOPPY,hoppy-meme,BINANCE
ARTY,artyfact,BINANCE
BOTT,baby-bottle,BINANCE
SN32,itsai,BINANCE
BTS,bitshares,BINANCE
FLT,fluence-2,BINANCE
DIONE,dione,BINANCE
XDOGE,xdoge-2,BINANCE
LOYAL,loyal,BINANCE
VISTA,ethervista,BINANCE
SN2,omron,BINANCE
GRC,gridcoin-research,BINANCE
KAI,kardiachain,BINANCE
VIVA,viva-2,BINANCE
KIT,dexkit,BINANCE
WZRD,bitcoin-wizards,BINANCE
ZKP,panther,BINANCE
DAY,dayhyb,BINANCE
BOB,bob-3,BINANCE
CONAN,conan-meme,BINANCE
DELABS,delabs-games,BINANCE
HOGE,hoge-finance,BINANCE
DOUBT,doubt,BINANCE
WKLAY,wrapped-klay,BINANCE
GF,guildfi,BINANCE
ORN,orion-protocol,BINANCE
SPECTRA,spectra-finance,BINANCE
DHB,dehub,BINANCE
EXCC,exchangecoin,BINANCE
ALB,alienbase,BINANCE
REDO,resistance-dog,BINANCE
RISE,infinity-rising,BINANCE
VADER,vaderai-by-virtuals,BINANCE
LUNARBITS,lunarbits,BINANCE
USDC,taiko-bridged-usdc-taiko,BINANCE
IMAGE,imagen-ai,BINANCE
ARW,arowana,BINANCE
WBTC,celer-bridged-wbtc-conflux,BINANCE
PALM,palm-ai,BINANCE
USDC,saga-bridged-usdc-saga,BINANCE
HPO,hipo-governance-token,BINANCE
SN59,agent-arena-by-masa,BINANCE
MODE,mode,BINANCE
SAMO,samoyedcoin,BINANCE
MUSD,musd,BINANCE
X,talex,BINANCE
$MICHI,michicoin,BINANCE
AE,aeternity,BINANCE
BCUT,bitscrunch-token,BINANCE
NOTHING,you-ll-own-nothing-and-be-happy,BINANCE
U,u,BINANCE
JOKE,joke,BINANCE
BRIDGE,hyperbridge-2,BINANCE
PCULE,polycule,BINANCE
AIN,ai-network,BINANCE
SN65,tao-private-network,BINANCE
MERY,mistery,BINANCE
XEN,xen-crypto,BINANCE
USDT,gnosis-xdai-bridged-usdt-gnosis,BINANCE
HNS,handshake,BINANCE
XDOG,xdog,BINANCE
LYNK,lynk-coin,BINANCE
Q,quantumcoin,BINANCE
GUILD,blockchainspace,BINANCE
ECHO,echo-protocol,BINANCE
SN70,vericore,BINANCE
EBTC,ebtc,BINANCE
PAR,par-stablecoin,BINANCE
NVL,nuvola-digital,BINANCE
WAAC,wrapped-ayeayecoin,BINANCE
SN124,swarm-3,BINANCE
ALLINDOGE,allindoge,BINANCE
FOXY,foxy,BINANCE
QACE,qace-dynamics,BINANCE
LEADBTC,lead-wrapped-bitcoin,BINANCE
WEPE,wall-street-pepe,BINANCE
SN88,staking-2,BINANCE
GPCX,good-person-coin,BINANCE
WAGNOWSTETH,wrapped-aave-gnosis-wsteth,BINANCE
FOXSY,foxsy-ai,BINANCE
SUP,superfluid,BINANCE
WNCG,wrapped-ncg,BINANCE
KRAV,krav,BINANCE
MCDON,mcdonald-s-ondo-tokenized-stock,BINANCE
BCT,toucan-protocol-base-carbon-tonne,BINANCE
INFRA,infraxa,BINANCE
USDC,celer-bridged-usdc-astar,BINANCE
PUNDU,pundu,BINANCE
MSUSD,main-street-usd,BINANCE
FIAS,fias,BINANCE
IJHON,ishares-core-s-p-midcap-etf-ondo-tokenized-etf,BINANCE
KNDX,kondux-v2,BINANCE
NVOON,novo-nordisk-ondo-tokenized-stock,BINANCE
AIDOGE,arbdoge-ai,BINANCE
LUSH,lush-ai,BINANCE
OVR,ovr,BINANCE
EXC,elonxcat,BINANCE
ROCK,zenrock,BINANCE
OCT,octopus-network,BINANCE
HABITAT,habitat-2,BINANCE
SN66,fakenews,BINANCE
FLIX,omniflix-network,BINANCE
DETO,delta-exchange-token,BINANCE
PP,official-ppshow,BINANCE
RIFT,rift-ai,BINANCE
KIMA,kima,BINANCE
ZYPTO,french-connection-finance,BINANCE
FOREST,forest-protocol,BINANCE
BUCKY,bucky-2,BINANCE
SOL,osmosis-allsol,BINANCE
MAVIA,heroes-of-mavia,BINANCE
METAV,metaverse,BINANCE
P2P,sentinel,BINANCE
EOS,binance-peg-eos,BINANCE
ORGO,orgo,BINANCE
TRUMP,maga,BINANCE
DL,dill,BINANCE
DOGE-1,doge-1-satellite,BINANCE
GBYTE,byteball,BINANCE
WIP,wrapped-ip,BINANCE
QBX,qbx,BINANCE
POLYFACTS,polyfactual,BINANCE
ALVA,alvara-protocol,BINANCE
AIKEK,alphakek-ai,BINANCE
LLD,liberland-lld,BINANCE
FLX,flux-token,BINANCE
FIS,stafi,BINANCE
MEOW,zero-tech,BINANCE
GRAIL,camelot-token,BINANCE
MUMU,mumu-the-bull-3,BINANCE
MFER,mfercoin,BINANCE
WETH,bridged-wrapped-ether-x-layer,BINANCE
QTC,qubitcoin-2,BINANCE
UPC,upcx,BINANCE
PGON,procter-gamble-ondo-tokenized-stock,BINANCE
SN21,omega-any-to-any,BINANCE
USDGLO,glo-dollar,BINANCE
SN36,web-agents-autoppia,BINANCE
ZAI,zen-ai,BINANCE
JPMON,jpmorgan-chase-ondo-tokenized-stock,BINANCE
BASEDAI,basedai,BINANCE
HANA,hana-network,BINANCE
AMZNX,amazon-xstock,BINANCE
RENTA,renta-network,BINANCE
MSFTON,microsoft-ondo-tokenized-stock,BINANCE
SLOTH,slothana,BINANCE
MINI,minimini,BINANCE
ATTN,attention-token,BINANCE
AI16Z,ai16z,BINANCE
XPX,proximax,BINANCE
CLEAR,everclear,BINANCE
SPE,saveplanetearth,BINANCE
ASK,permission-coin,BINANCE
DNX,dynex,BINANCE
BOOP,boop-4,BINANCE
GHUB,gemhub,BINANCE
FUST,fust-token,BINANCE
GROW,valleydao,BINANCE
DEXTER,dexter-ai,BINANCE
HAHYPE,hahype,BINANCE
MB,mine-blue,BINANCE
WETH,tac-bridged-weth-tac,BINANCE
VAI,vai,BINANCE
GIGL,giggle-panda,BINANCE
NFD,feisty-doge-nft,BINANCE
SNOWBALL,snowball-3,BINANCE
SHRUB,shrub,BINANCE
WPLUME,wrapped-plume,BINANCE
ARIO,ar-io-network,BINANCE
SN61,redteam,BINANCE
NLS,nolus,BINANCE
SN42,real-time-data-by-masa,BINANCE
WETH,l2-standard-bridged-weth-modee,BINANCE
USDT,celer-bridged-usdt-conflux,BINANCE
X33,shadow-liquid-staking-token,BINANCE
SNPAD,snpad,BINANCE
GEM,real-gem-token,BINANCE
AKITA,akita-inu,BINANCE
AZIT,azit,BINANCE
VAL,radium,BINANCE
XTN,neutrino,BINANCE
SOUL,phantasma,BINANCE
NAVI,atlas-navi,BINANCE
TSUKI,tsuki,BINANCE
LTAI,libertai,BINANCE
BPT,best-patent-token,BINANCE
PANDORA,pandora,BINANCE
DAI,crypto-com-bridged-dai-cronos,BINANCE
P,pop-planet,BINANCE
GM,gomble,BINANCE
KNCL,kyber-network,BINANCE
SEED,garden-2,BINANCE
MIDAS,midas-the-minotaur,BINANCE
NRG,energi,BINANCE
BTCK,bitcoin-on-katana,BINANCE
GTCBBTCC,cbbtc-core-morpho-vault,BINANCE
SN20,bitagent-rizzo,BINANCE
WETH,celer-bridged-weth-conflux,BINANCE
TNK,trac-network,BINANCE
POLY,polymath,BINANCE
TRIX,tiktrix,BINANCE
CTOC,ctoc,BINANCE
ULTI,ultiverse,BINANCE
NERO,nero-chain,BINANCE
SN57,gaia-2,BINANCE
MPS,mt-pelerin-shares,BINANCE
CHI,chili-coin,BINANCE
USDT,stargate-bridged-usdt,BINANCE
CKP,cakepie-xyz,BINANCE
USDC,bridged-usdc-immutable-zkevm,BINANCE
RT,rhetor,BINANCE
A0T,agent-zero-token,BINANCE
XEGLD,xoxno-staked-egld,BINANCE
SSUPERUSD,superreturn-ssuperusd,BINANCE
USDC,rainbow-bridged-usdc-aurora,BINANCE
A1C,sally-a1c,BINANCE
HEU,heurist,BINANCE
CAOCAO,caocao-2,BINANCE
STARL,starlink,BINANCE
PROJECT89,project-89,BINANCE
LKY,luckycoin,BINANCE
SN27,ni-compute,BINANCE
SN37,finetuning,BINANCE
LMEOW,lmeow-2,BINANCE
DEFX,definity,BINANCE
HWHYPE,hyperwave-hype,BINANCE
IVT,ivault,BINANCE
BTCB,bitcoin-on-base,BINANCE
VITA-FAST,molecules-of-korolchuk-ip-nft,BINANCE
AGIALPHA,agi-alpha-agent,BINANCE
CERE,cere-network,BINANCE
V2EX,v2ex,BINANCE
ITA,italian-national-football-team-fan-token,BINANCE
NOX,nonos-2,BINANCE
NFLXX,netflix-xstock,BINANCE
SKEY,skey-network,BINANCE
MOTHER,mother-iggy,BINANCE
MNT,mynth,BINANCE
MYRIA,myria,BINANCE
USDC,rollux-bridged-usdc-rollux,BINANCE
QUQ,quq,BINANCE
MKL,merkle-trade,BINANCE
BKS,backstage,BINANCE
SN89,infinitehash,BINANCE
VEX,vexanium,BINANCE
HYDRA,hydra,BINANCE
QI,qi-dao,BINANCE
GH,greyhound-2,BINANCE
SN72,streetvision-by-natix,BINANCE
CHDD,chedda-3,BINANCE
ADX,adrena,BINANCE
BLUM,blum,BINANCE
ATETH,latch-staked-eth,BINANCE
LUCK,luck-3,BINANCE
CEL,celsius-degree-token,BINANCE
PAI,panther-ai,BINANCE
SN78,loosh,BINANCE
BTC.ℏ,bitcoin-5,BINANCE
BLOK,bloktopia,BINANCE
XDAG,dagger,BINANCE
SKEB,skeb,BINANCE
WETH,bridged-wrapped-ether-morph-l2,BINANCE
ASKJ,askjimmy,BINANCE
FITFI,step-app-fitfi,BINANCE
STORM,storm-trade,BINANCE
WAARBUSDCN,wrapped-aave-arbitrum-usdcn,BINANCE
SPEC,spectral,BINANCE
SHOGGOTH,shoggoth,BINANCE
BDXN,bondex,BINANCE
STTAO,tensorplex-staked-tao,BINANCE
IBMON,ibm-ondo-tokenized-stock,BINANCE
DAI,l2-standard-bridged-dai-base,BINANCE
ISC,international-stable-currency,BINANCE
FROTH,froth,BINANCE
RVF,rocketx,BINANCE
$BEAR,bearxrpl,BINANCE
USDC,cronos-zkevm-bridged-usdc-cronos-zkevm,BINANCE
SN125,8-ball,BINANCE
UNX,unchain-x,BINANCE
WSTETH,txsync-bridged-wsteth-zksync,BINANCE
MOMO,momo-3,BINANCE
GAI,graphai,BINANCE
COR,cortensor,BINANCE
WBTC,bridged-wrapped-bitcoin-bob-network,BINANCE
ASIA,asia-coin,BINANCE
BRN,brn-metaverse,BINANCE
USDT,xone-bridged-usdt-xone,BINANCE
USC,unstable-cult-2,BINANCE
DRAGON,dragon-4,BINANCE
FUSE,fuse-network-token,BINANCE
STREAM,streamflow,BINANCE
SNSY,sensay,BINANCE
BDC,billion-dollar-cat-runes,BINANCE
BIG,bigcoin-2,BINANCE
NTBILL,nest-treasury-vault,BINANCE
MUON,micron-technology-ondo-tokenized-stock,BINANCE
MILK,milkyway-2,BINANCE
JOVJOU,jovjou,BINANCE
SPCX,paimon-spacex-spv-token,BINANCE
PEPON,pepsico-ondo-tokenized-stock,BINANCE
MNFT,mongol-nft,BINANCE
FUKU,fuku-3,BINANCE
XRT,robonomics-network,BINANCE
FROGE,frogevip,BINANCE
MOEW,moew,BINANCE
DESU,dexsport,BINANCE
SEND,send-2,BINANCE
SN23,nuance-2,BINANCE
RADR,radr,BINANCE
SUSDZ,anzen-staked-usdz,BINANCE
WETH,wrapped-eth-taiko,BINANCE
GST-SOL,green-satoshi-token,BINANCE
BAKE,bakerytoken,BINANCE
SN106,liquidity-provisioning,BINANCE
BTX,beatswap,BINANCE
LIKE,likecoin-2,BINANCE
LEDGER,ledger-ai,BINANCE
NKP,nonkyotoprotocol,BINANCE
MESO,meso-finance,BINANCE
STIP,staked-ip,BINANCE
WMTON,walmart-ondo-tokenized-stock,BINANCE
OPN,open-ticketing-ecosystem,BINANCE
PEPENODE,pepenode,BINANCE
THAT,that,BINANCE
NODE,node-2,BINANCE
$JIM,naked-jim,BINANCE
SIGMA,sigmadotmoney,BINANCE
MMX,m2-global-wealth-limited-mmx,BINANCE
USDC,bridged-usd-coin-manta-pacific,BINANCE
$1,just-buy-1-worth-of-this-coin,BINANCE
PVS,pvs,BINANCE
TMON,toyota-ondo-tokenized-stock,BINANCE
WCO,wadzcoin,BINANCE
HXRO,hxro,BINANCE
DEV,scout-protocol-token,BINANCE
WBTC,zksync-bridged-wbtc-zksync,BINANCE
SLIM,solanium,BINANCE
AXEL,axel,BINANCE
SAMA,exosama-network,BINANCE
LMAO!,lmao,BINANCE
USDT,sophon-bridged-usdt-sophon,BINANCE
USC,orby-network-usc-stablecoin,BINANCE
XNK,kinka,BINANCE
U2U,unicorn-ultra,BINANCE
CDR,cedar,BINANCE
CPH,cypherium,BINANCE
MOCHI,mochi-thecatcoin,BINANCE
HART,hara-token,BINANCE
RFD,refund,BINANCE
LOCKIN,lock-in,BINANCE
BIT,biconomy-exchange-token,BINANCE
XSUI,xsui,BINANCE
BLND,blend,BINANCE
IBEUR,iron-bank-euro,BINANCE
ALTT,altcoinist-token,BINANCE
NUIT,nuit,BINANCE
CAL50,caliber,BINANCE
DAI,rainbow-bridged-dai-near-protocol,BINANCE
USDT,hashkey-bridged-usdt-hashkey,BINANCE
EMDR,modulr,BINANCE
CAT,catcoin-cash,BINANCE
SPURS,tottenham-hotspur-fc-fan-token,BINANCE
MXNB,mxnb,BINANCE
MY,metya,BINANCE
KORI,kori,BINANCE
TASSHUB,tass-hub,BINANCE
PLI,plugin,BINANCE
SN52,precog,BINANCE
ARA,ara,BINANCE
SN15,bitquant,BINANCE
WBTC,unichain-bridged-wbtc-unichain-2,BINANCE
MNW,morpheus-network,BINANCE
SN38,distributed-training,BINANCE
MOOLAH,moolah,BINANCE
WPAY,wpay,BINANCE
QBIT,qubit-2,BINANCE
RISE,everrise,BINANCE
SN40,chunking,BINANCE
IOUSDT,iousdt,BINANCE
LRDS,blocklords,BINANCE
TSUKA,dejitaru-tsuka,BINANCE
LZUSDC,layerzero-usdc,BINANCE
AMPLUNA,eris-amplified-luna,BINANCE
WHISKEY,whiskey,BINANCE
XTBTC,endur-fi-staked-btc,BINANCE
SN102,better-therapy,BINANCE
HOUSE,housecoin-2,BINANCE
ALMANAK,almanak,BINANCE
NBT,nanobyte,BINANCE
CROC,crocodile-finance,BINANCE
PUPDOGE,pup-doge,BINANCE
NAP,napoli-fan-token,BINANCE
SANTA,santa-by-virtuals,BINANCE
STEAKPYUSD,steakhouse-pyusd-morpho-vault,BINANCE
SN58,dippy-speech,BINANCE
CRYPTO,cryptocurrency-coin,BINANCE
GGUSD,good-game-us-dollar,BINANCE
TUSD,bridged-trueusd,BINANCE
ACE,ace-data-cloud-2,BINANCE
CDX,cod3x,BINANCE
FLUXB,fluxbot,BINANCE
VPLS,vouch-staked-pls,BINANCE
YFII,yfii-finance,BINANCE
,nulltrace,BINANCE
NEMESIS,nemesis-2,BINANCE
AEROBUD,aerobud,BINANCE
KARAT,karat-galaxy,BINANCE
CHOG,chog,BINANCE
修仙,xiuxian,BINANCE
D,saga-dollar,BINANCE
BNBHOLDER,bian-holder,BINANCE
ZFI,zyfi,BINANCE
IWMON,ishares-russell-2000-etf-ondo-tokenized-etf,BINANCE
USDAF,asymmetry-usdaf-2,BINANCE
WSTASTR,wrapped-stastr,BINANCE
WIKEN,project-with,BINANCE
MTO,merchant-token,BINANCE
BOOM,boom-2,BINANCE
USDBR,usdbr,BINANCE
B4FWX,be-for-fwx,BINANCE
JYAI,jerry-the-turtle-by-matt-furie,BINANCE
AI3,autonomys-network,BINANCE
ABX,alphbanx,BINANCE
EMP,empyreal,BINANCE
AUDM,macropod,BINANCE
MLG,360noscope420blazeit,BINANCE
INTCON,intel-ondo-tokenized-stock,BINANCE
UETH,unit-ethereum,BINANCE
SHRAP,shrapnel-2,BINANCE
MYST,mystandard,BINANCE
CUBE,somnium-space-cubes,BINANCE
POX,monkey-pox,BINANCE
WAMPL,wrapped-ampleforth,BINANCE
LVVA,levva-protocol,BINANCE
